bin_id	seqnames	start	end	width	strand
1	chr2L	1	100000	100000	*
2	chr2L	100001	200000	100000	*
3	chr2L	200001	300000	100000	*
4	chr2L	300001	400000	100000	*
5	chr2L	400001	500000	100000	*
6	chr2L	500001	600000	100000	*
7	chr2L	600001	700000	100000	*
8	chr2L	700001	800000	100000	*
9	chr2L	800001	900000	100000	*
10	chr2L	900001	1000000	100000	*
11	chr2L	1000001	1100000	100000	*
12	chr2L	1100001	1200000	100000	*
13	chr2L	1200001	1300000	100000	*
14	chr2L	1300001	1400000	100000	*
15	chr2L	1400001	1500000	100000	*
16	chr2L	1500001	1600000	100000	*
17	chr2L	1600001	1700000	100000	*
18	chr2L	1700001	1800000	100000	*
19	chr2L	1800001	1900000	100000	*
20	chr2L	1900001	2000000	100000	*
21	chr2L	2000001	2100000	100000	*
22	chr2L	2100001	2200000	100000	*
23	chr2L	2200001	2300000	100000	*
24	chr2L	2300001	2400000	100000	*
25	chr2L	2400001	2500000	100000	*
26	chr2L	2500001	2600000	100000	*
27	chr2L	2600001	2700000	100000	*
28	chr2L	2700001	2800000	100000	*
29	chr2L	2800001	2900000	100000	*
30	chr2L	2900001	3000000	100000	*
31	chr2L	3000001	3100000	100000	*
32	chr2L	3100001	3200000	100000	*
33	chr2L	3200001	3300000	100000	*
34	chr2L	3300001	3400000	100000	*
35	chr2L	3400001	3500000	100000	*
36	chr2L	3500001	3600000	100000	*
37	chr2L	3600001	3700000	100000	*
38	chr2L	3700001	3800000	100000	*
39	chr2L	3800001	3900000	100000	*
40	chr2L	3900001	4000000	100000	*
41	chr2L	4000001	4100000	100000	*
42	chr2L	4100001	4200000	100000	*
43	chr2L	4200001	4300000	100000	*
44	chr2L	4300001	4400000	100000	*
45	chr2L	4400001	4500000	100000	*
46	chr2L	4500001	4600000	100000	*
47	chr2L	4600001	4700000	100000	*
48	chr2L	4700001	4800000	100000	*
49	chr2L	4800001	4900000	100000	*
50	chr2L	4900001	5000000	100000	*
51	chr2L	5000001	5100000	100000	*
52	chr2L	5100001	5200000	100000	*
53	chr2L	5200001	5300000	100000	*
54	chr2L	5300001	5400000	100000	*
55	chr2L	5400001	5500000	100000	*
56	chr2L	5500001	5600000	100000	*
57	chr2L	5600001	5700000	100000	*
58	chr2L	5700001	5800000	100000	*
59	chr2L	5800001	5900000	100000	*
60	chr2L	5900001	6000000	100000	*
61	chr2L	6000001	6100000	100000	*
62	chr2L	6100001	6200000	100000	*
63	chr2L	6200001	6300000	100000	*
64	chr2L	6300001	6400000	100000	*
65	chr2L	6400001	6500000	100000	*
66	chr2L	6500001	6600000	100000	*
67	chr2L	6600001	6700000	100000	*
68	chr2L	6700001	6800000	100000	*
69	chr2L	6800001	6900000	100000	*
70	chr2L	6900001	7000000	100000	*
71	chr2L	7000001	7100000	100000	*
72	chr2L	7100001	7200000	100000	*
73	chr2L	7200001	7300000	100000	*
74	chr2L	7300001	7400000	100000	*
75	chr2L	7400001	7500000	100000	*
76	chr2L	7500001	7600000	100000	*
77	chr2L	7600001	7700000	100000	*
78	chr2L	7700001	7800000	100000	*
79	chr2L	7800001	7900000	100000	*
80	chr2L	7900001	8000000	100000	*
81	chr2L	8000001	8100000	100000	*
82	chr2L	8100001	8200000	100000	*
83	chr2L	8200001	8300000	100000	*
84	chr2L	8300001	8400000	100000	*
85	chr2L	8400001	8500000	100000	*
86	chr2L	8500001	8600000	100000	*
87	chr2L	8600001	8700000	100000	*
88	chr2L	8700001	8800000	100000	*
89	chr2L	8800001	8900000	100000	*
90	chr2L	8900001	9000000	100000	*
91	chr2L	9000001	9100000	100000	*
92	chr2L	9100001	9200000	100000	*
93	chr2L	9200001	9300000	100000	*
94	chr2L	9300001	9400000	100000	*
95	chr2L	9400001	9500000	100000	*
96	chr2L	9500001	9600000	100000	*
97	chr2L	9600001	9700000	100000	*
98	chr2L	9700001	9800000	100000	*
99	chr2L	9800001	9900000	100000	*
100	chr2L	9900001	10000000	100000	*
101	chr2L	10000001	10100000	100000	*
102	chr2L	10100001	10200000	100000	*
103	chr2L	10200001	10300000	100000	*
104	chr2L	10300001	10400000	100000	*
105	chr2L	10400001	10500000	100000	*
106	chr2L	10500001	10600000	100000	*
107	chr2L	10600001	10700000	100000	*
108	chr2L	10700001	10800000	100000	*
109	chr2L	10800001	10900000	100000	*
110	chr2L	10900001	11000000	100000	*
111	chr2L	11000001	11100000	100000	*
112	chr2L	11100001	11200000	100000	*
113	chr2L	11200001	11300000	100000	*
114	chr2L	11300001	11400000	100000	*
115	chr2L	11400001	11500000	100000	*
116	chr2L	11500001	11600000	100000	*
117	chr2L	11600001	11700000	100000	*
118	chr2L	11700001	11800000	100000	*
119	chr2L	11800001	11900000	100000	*
120	chr2L	11900001	12000000	100000	*
121	chr2L	12000001	12100000	100000	*
122	chr2L	12100001	12200000	100000	*
123	chr2L	12200001	12300000	100000	*
124	chr2L	12300001	12400000	100000	*
125	chr2L	12400001	12500000	100000	*
126	chr2L	12500001	12600000	100000	*
127	chr2L	12600001	12700000	100000	*
128	chr2L	12700001	12800000	100000	*
129	chr2L	12800001	12900000	100000	*
130	chr2L	12900001	13000000	100000	*
131	chr2L	13000001	13100000	100000	*
132	chr2L	13100001	13200000	100000	*
133	chr2L	13200001	13300000	100000	*
134	chr2L	13300001	13400000	100000	*
135	chr2L	13400001	13500000	100000	*
136	chr2L	13500001	13600000	100000	*
137	chr2L	13600001	13700000	100000	*
138	chr2L	13700001	13800000	100000	*
139	chr2L	13800001	13900000	100000	*
140	chr2L	13900001	14000000	100000	*
141	chr2L	14000001	14100000	100000	*
142	chr2L	14100001	14200000	100000	*
143	chr2L	14200001	14300000	100000	*
144	chr2L	14300001	14400000	100000	*
145	chr2L	14400001	14500000	100000	*
146	chr2L	14500001	14600000	100000	*
147	chr2L	14600001	14700000	100000	*
148	chr2L	14700001	14800000	100000	*
149	chr2L	14800001	14900000	100000	*
150	chr2L	14900001	15000000	100000	*
151	chr2L	15000001	15100000	100000	*
152	chr2L	15100001	15200000	100000	*
153	chr2L	15200001	15300000	100000	*
154	chr2L	15300001	15400000	100000	*
155	chr2L	15400001	15500000	100000	*
156	chr2L	15500001	15600000	100000	*
157	chr2L	15600001	15700000	100000	*
158	chr2L	15700001	15800000	100000	*
159	chr2L	15800001	15900000	100000	*
160	chr2L	15900001	16000000	100000	*
161	chr2L	16000001	16100000	100000	*
162	chr2L	16100001	16200000	100000	*
163	chr2L	16200001	16300000	100000	*
164	chr2L	16300001	16400000	100000	*
165	chr2L	16400001	16500000	100000	*
166	chr2L	16500001	16600000	100000	*
167	chr2L	16600001	16700000	100000	*
168	chr2L	16700001	16800000	100000	*
169	chr2L	16800001	16900000	100000	*
170	chr2L	16900001	17000000	100000	*
171	chr2L	17000001	17100000	100000	*
172	chr2L	17100001	17200000	100000	*
173	chr2L	17200001	17300000	100000	*
174	chr2L	17300001	17400000	100000	*
175	chr2L	17400001	17500000	100000	*
176	chr2L	17500001	17600000	100000	*
177	chr2L	17600001	17700000	100000	*
178	chr2L	17700001	17800000	100000	*
179	chr2L	17800001	17900000	100000	*
180	chr2L	17900001	18000000	100000	*
181	chr2L	18000001	18100000	100000	*
182	chr2L	18100001	18200000	100000	*
183	chr2L	18200001	18300000	100000	*
184	chr2L	18300001	18400000	100000	*
185	chr2L	18400001	18500000	100000	*
186	chr2L	18500001	18600000	100000	*
187	chr2L	18600001	18700000	100000	*
188	chr2L	18700001	18800000	100000	*
189	chr2L	18800001	18900000	100000	*
190	chr2L	18900001	19000000	100000	*
191	chr2L	19000001	19100000	100000	*
192	chr2L	19100001	19200000	100000	*
193	chr2L	19200001	19300000	100000	*
194	chr2L	19300001	19400000	100000	*
195	chr2L	19400001	19500000	100000	*
196	chr2L	19500001	19600000	100000	*
197	chr2L	19600001	19700000	100000	*
198	chr2L	19700001	19800000	100000	*
199	chr2L	19800001	19900000	100000	*
200	chr2L	19900001	20000000	100000	*
201	chr2L	20000001	20100000	100000	*
202	chr2L	20100001	20200000	100000	*
203	chr2L	20200001	20300000	100000	*
204	chr2L	20300001	20400000	100000	*
205	chr2L	20400001	20500000	100000	*
206	chr2L	20500001	20600000	100000	*
207	chr2L	20600001	20700000	100000	*
208	chr2L	20700001	20800000	100000	*
209	chr2L	20800001	20900000	100000	*
210	chr2L	20900001	21000000	100000	*
211	chr2L	21000001	21100000	100000	*
212	chr2L	21100001	21200000	100000	*
213	chr2L	21200001	21300000	100000	*
214	chr2L	21300001	21400000	100000	*
215	chr2L	21400001	21500000	100000	*
216	chr2L	21500001	21600000	100000	*
217	chr2L	21600001	21700000	100000	*
218	chr2L	21700001	21800000	100000	*
219	chr2L	21800001	21900000	100000	*
220	chr2L	21900001	22000000	100000	*
221	chr2L	22000001	22100000	100000	*
222	chr2L	22100001	22200000	100000	*
223	chr2L	22200001	22300000	100000	*
224	chr2L	22300001	22400000	100000	*
225	chr2L	22400001	22500000	100000	*
226	chr2L	22500001	22600000	100000	*
227	chr2L	22600001	22700000	100000	*
228	chr2L	22700001	22800000	100000	*
229	chr2L	22800001	22900000	100000	*
230	chr2L	22900001	23000000	100000	*
231	chr2L	23000001	23100000	100000	*
232	chr2L	23100001	23200000	100000	*
233	chr2L	23200001	23300000	100000	*
234	chr2L	23300001	23400000	100000	*
235	chr2L	23400001	23500000	100000	*
236	chr2R	1	100000	100000	*
237	chr2R	100001	200000	100000	*
238	chr2R	200001	300000	100000	*
239	chr2R	300001	400000	100000	*
240	chr2R	400001	500000	100000	*
241	chr2R	500001	600000	100000	*
242	chr2R	600001	700000	100000	*
243	chr2R	700001	800000	100000	*
244	chr2R	800001	900000	100000	*
245	chr2R	900001	1000000	100000	*
246	chr2R	1000001	1100000	100000	*
247	chr2R	1100001	1200000	100000	*
248	chr2R	1200001	1300000	100000	*
249	chr2R	1300001	1400000	100000	*
250	chr2R	1400001	1500000	100000	*
251	chr2R	1500001	1600000	100000	*
252	chr2R	1600001	1700000	100000	*
253	chr2R	1700001	1800000	100000	*
254	chr2R	1800001	1900000	100000	*
255	chr2R	1900001	2000000	100000	*
256	chr2R	2000001	2100000	100000	*
257	chr2R	2100001	2200000	100000	*
258	chr2R	2200001	2300000	100000	*
259	chr2R	2300001	2400000	100000	*
260	chr2R	2400001	2500000	100000	*
261	chr2R	2500001	2600000	100000	*
262	chr2R	2600001	2700000	100000	*
263	chr2R	2700001	2800000	100000	*
264	chr2R	2800001	2900000	100000	*
265	chr2R	2900001	3000000	100000	*
266	chr2R	3000001	3100000	100000	*
267	chr2R	3100001	3200000	100000	*
268	chr2R	3200001	3300000	100000	*
269	chr2R	3300001	3400000	100000	*
270	chr2R	3400001	3500000	100000	*
271	chr2R	3500001	3600000	100000	*
272	chr2R	3600001	3700000	100000	*
273	chr2R	3700001	3800000	100000	*
274	chr2R	3800001	3900000	100000	*
275	chr2R	3900001	4000000	100000	*
276	chr2R	4000001	4100000	100000	*
277	chr2R	4100001	4200000	100000	*
278	chr2R	4200001	4300000	100000	*
279	chr2R	4300001	4400000	100000	*
280	chr2R	4400001	4500000	100000	*
281	chr2R	4500001	4600000	100000	*
282	chr2R	4600001	4700000	100000	*
283	chr2R	4700001	4800000	100000	*
284	chr2R	4800001	4900000	100000	*
285	chr2R	4900001	5000000	100000	*
286	chr2R	5000001	5100000	100000	*
287	chr2R	5100001	5200000	100000	*
288	chr2R	5200001	5300000	100000	*
289	chr2R	5300001	5400000	100000	*
290	chr2R	5400001	5500000	100000	*
291	chr2R	5500001	5600000	100000	*
292	chr2R	5600001	5700000	100000	*
293	chr2R	5700001	5800000	100000	*
294	chr2R	5800001	5900000	100000	*
295	chr2R	5900001	6000000	100000	*
296	chr2R	6000001	6100000	100000	*
297	chr2R	6100001	6200000	100000	*
298	chr2R	6200001	6300000	100000	*
299	chr2R	6300001	6400000	100000	*
300	chr2R	6400001	6500000	100000	*
301	chr2R	6500001	6600000	100000	*
302	chr2R	6600001	6700000	100000	*
303	chr2R	6700001	6800000	100000	*
304	chr2R	6800001	6900000	100000	*
305	chr2R	6900001	7000000	100000	*
306	chr2R	7000001	7100000	100000	*
307	chr2R	7100001	7200000	100000	*
308	chr2R	7200001	7300000	100000	*
309	chr2R	7300001	7400000	100000	*
310	chr2R	7400001	7500000	100000	*
311	chr2R	7500001	7600000	100000	*
312	chr2R	7600001	7700000	100000	*
313	chr2R	7700001	7800000	100000	*
314	chr2R	7800001	7900000	100000	*
315	chr2R	7900001	8000000	100000	*
316	chr2R	8000001	8100000	100000	*
317	chr2R	8100001	8200000	100000	*
318	chr2R	8200001	8300000	100000	*
319	chr2R	8300001	8400000	100000	*
320	chr2R	8400001	8500000	100000	*
321	chr2R	8500001	8600000	100000	*
322	chr2R	8600001	8700000	100000	*
323	chr2R	8700001	8800000	100000	*
324	chr2R	8800001	8900000	100000	*
325	chr2R	8900001	9000000	100000	*
326	chr2R	9000001	9100000	100000	*
327	chr2R	9100001	9200000	100000	*
328	chr2R	9200001	9300000	100000	*
329	chr2R	9300001	9400000	100000	*
330	chr2R	9400001	9500000	100000	*
331	chr2R	9500001	9600000	100000	*
332	chr2R	9600001	9700000	100000	*
333	chr2R	9700001	9800000	100000	*
334	chr2R	9800001	9900000	100000	*
335	chr2R	9900001	10000000	100000	*
336	chr2R	10000001	10100000	100000	*
337	chr2R	10100001	10200000	100000	*
338	chr2R	10200001	10300000	100000	*
339	chr2R	10300001	10400000	100000	*
340	chr2R	10400001	10500000	100000	*
341	chr2R	10500001	10600000	100000	*
342	chr2R	10600001	10700000	100000	*
343	chr2R	10700001	10800000	100000	*
344	chr2R	10800001	10900000	100000	*
345	chr2R	10900001	11000000	100000	*
346	chr2R	11000001	11100000	100000	*
347	chr2R	11100001	11200000	100000	*
348	chr2R	11200001	11300000	100000	*
349	chr2R	11300001	11400000	100000	*
350	chr2R	11400001	11500000	100000	*
351	chr2R	11500001	11600000	100000	*
352	chr2R	11600001	11700000	100000	*
353	chr2R	11700001	11800000	100000	*
354	chr2R	11800001	11900000	100000	*
355	chr2R	11900001	12000000	100000	*
356	chr2R	12000001	12100000	100000	*
357	chr2R	12100001	12200000	100000	*
358	chr2R	12200001	12300000	100000	*
359	chr2R	12300001	12400000	100000	*
360	chr2R	12400001	12500000	100000	*
361	chr2R	12500001	12600000	100000	*
362	chr2R	12600001	12700000	100000	*
363	chr2R	12700001	12800000	100000	*
364	chr2R	12800001	12900000	100000	*
365	chr2R	12900001	13000000	100000	*
366	chr2R	13000001	13100000	100000	*
367	chr2R	13100001	13200000	100000	*
368	chr2R	13200001	13300000	100000	*
369	chr2R	13300001	13400000	100000	*
370	chr2R	13400001	13500000	100000	*
371	chr2R	13500001	13600000	100000	*
372	chr2R	13600001	13700000	100000	*
373	chr2R	13700001	13800000	100000	*
374	chr2R	13800001	13900000	100000	*
375	chr2R	13900001	14000000	100000	*
376	chr2R	14000001	14100000	100000	*
377	chr2R	14100001	14200000	100000	*
378	chr2R	14200001	14300000	100000	*
379	chr2R	14300001	14400000	100000	*
380	chr2R	14400001	14500000	100000	*
381	chr2R	14500001	14600000	100000	*
382	chr2R	14600001	14700000	100000	*
383	chr2R	14700001	14800000	100000	*
384	chr2R	14800001	14900000	100000	*
385	chr2R	14900001	15000000	100000	*
386	chr2R	15000001	15100000	100000	*
387	chr2R	15100001	15200000	100000	*
388	chr2R	15200001	15300000	100000	*
389	chr2R	15300001	15400000	100000	*
390	chr2R	15400001	15500000	100000	*
391	chr2R	15500001	15600000	100000	*
392	chr2R	15600001	15700000	100000	*
393	chr2R	15700001	15800000	100000	*
394	chr2R	15800001	15900000	100000	*
395	chr2R	15900001	16000000	100000	*
396	chr2R	16000001	16100000	100000	*
397	chr2R	16100001	16200000	100000	*
398	chr2R	16200001	16300000	100000	*
399	chr2R	16300001	16400000	100000	*
400	chr2R	16400001	16500000	100000	*
401	chr2R	16500001	16600000	100000	*
402	chr2R	16600001	16700000	100000	*
403	chr2R	16700001	16800000	100000	*
404	chr2R	16800001	16900000	100000	*
405	chr2R	16900001	17000000	100000	*
406	chr2R	17000001	17100000	100000	*
407	chr2R	17100001	17200000	100000	*
408	chr2R	17200001	17300000	100000	*
409	chr2R	17300001	17400000	100000	*
410	chr2R	17400001	17500000	100000	*
411	chr2R	17500001	17600000	100000	*
412	chr2R	17600001	17700000	100000	*
413	chr2R	17700001	17800000	100000	*
414	chr2R	17800001	17900000	100000	*
415	chr2R	17900001	18000000	100000	*
416	chr2R	18000001	18100000	100000	*
417	chr2R	18100001	18200000	100000	*
418	chr2R	18200001	18300000	100000	*
419	chr2R	18300001	18400000	100000	*
420	chr2R	18400001	18500000	100000	*
421	chr2R	18500001	18600000	100000	*
422	chr2R	18600001	18700000	100000	*
423	chr2R	18700001	18800000	100000	*
424	chr2R	18800001	18900000	100000	*
425	chr2R	18900001	19000000	100000	*
426	chr2R	19000001	19100000	100000	*
427	chr2R	19100001	19200000	100000	*
428	chr2R	19200001	19300000	100000	*
429	chr2R	19300001	19400000	100000	*
430	chr2R	19400001	19500000	100000	*
431	chr2R	19500001	19600000	100000	*
432	chr2R	19600001	19700000	100000	*
433	chr2R	19700001	19800000	100000	*
434	chr2R	19800001	19900000	100000	*
435	chr2R	19900001	20000000	100000	*
436	chr2R	20000001	20100000	100000	*
437	chr2R	20100001	20200000	100000	*
438	chr2R	20200001	20300000	100000	*
439	chr2R	20300001	20400000	100000	*
440	chr2R	20400001	20500000	100000	*
441	chr2R	20500001	20600000	100000	*
442	chr2R	20600001	20700000	100000	*
443	chr2R	20700001	20800000	100000	*
444	chr2R	20800001	20900000	100000	*
445	chr2R	20900001	21000000	100000	*
446	chr2R	21000001	21100000	100000	*
447	chr2R	21100001	21200000	100000	*
448	chr2R	21200001	21300000	100000	*
449	chr2R	21300001	21400000	100000	*
450	chr2R	21400001	21500000	100000	*
451	chr2R	21500001	21600000	100000	*
452	chr2R	21600001	21700000	100000	*
453	chr2R	21700001	21800000	100000	*
454	chr2R	21800001	21900000	100000	*
455	chr2R	21900001	22000000	100000	*
456	chr2R	22000001	22100000	100000	*
457	chr2R	22100001	22200000	100000	*
458	chr2R	22200001	22300000	100000	*
459	chr2R	22300001	22400000	100000	*
460	chr2R	22400001	22500000	100000	*
461	chr2R	22500001	22600000	100000	*
462	chr2R	22600001	22700000	100000	*
463	chr2R	22700001	22800000	100000	*
464	chr2R	22800001	22900000	100000	*
465	chr2R	22900001	23000000	100000	*
466	chr2R	23000001	23100000	100000	*
467	chr2R	23100001	23200000	100000	*
468	chr2R	23200001	23300000	100000	*
469	chr2R	23300001	23400000	100000	*
470	chr2R	23400001	23500000	100000	*
471	chr2R	23500001	23600000	100000	*
472	chr2R	23600001	23700000	100000	*
473	chr2R	23700001	23800000	100000	*
474	chr2R	23800001	23900000	100000	*
475	chr2R	23900001	24000000	100000	*
476	chr2R	24000001	24100000	100000	*
477	chr2R	24100001	24200000	100000	*
478	chr2R	24200001	24300000	100000	*
479	chr2R	24300001	24400000	100000	*
480	chr2R	24400001	24500000	100000	*
481	chr2R	24500001	24600000	100000	*
482	chr2R	24600001	24700000	100000	*
483	chr2R	24700001	24800000	100000	*
484	chr2R	24800001	24900000	100000	*
485	chr2R	24900001	25000000	100000	*
486	chr2R	25000001	25100000	100000	*
487	chr2R	25100001	25200000	100000	*
488	chr3L	1	100000	100000	*
489	chr3L	100001	200000	100000	*
490	chr3L	200001	300000	100000	*
491	chr3L	300001	400000	100000	*
492	chr3L	400001	500000	100000	*
493	chr3L	500001	600000	100000	*
494	chr3L	600001	700000	100000	*
495	chr3L	700001	800000	100000	*
496	chr3L	800001	900000	100000	*
497	chr3L	900001	1000000	100000	*
498	chr3L	1000001	1100000	100000	*
499	chr3L	1100001	1200000	100000	*
500	chr3L	1200001	1300000	100000	*
501	chr3L	1300001	1400000	100000	*
502	chr3L	1400001	1500000	100000	*
503	chr3L	1500001	1600000	100000	*
504	chr3L	1600001	1700000	100000	*
505	chr3L	1700001	1800000	100000	*
506	chr3L	1800001	1900000	100000	*
507	chr3L	1900001	2000000	100000	*
508	chr3L	2000001	2100000	100000	*
509	chr3L	2100001	2200000	100000	*
510	chr3L	2200001	2300000	100000	*
511	chr3L	2300001	2400000	100000	*
512	chr3L	2400001	2500000	100000	*
513	chr3L	2500001	2600000	100000	*
514	chr3L	2600001	2700000	100000	*
515	chr3L	2700001	2800000	100000	*
516	chr3L	2800001	2900000	100000	*
517	chr3L	2900001	3000000	100000	*
518	chr3L	3000001	3100000	100000	*
519	chr3L	3100001	3200000	100000	*
520	chr3L	3200001	3300000	100000	*
521	chr3L	3300001	3400000	100000	*
522	chr3L	3400001	3500000	100000	*
523	chr3L	3500001	3600000	100000	*
524	chr3L	3600001	3700000	100000	*
525	chr3L	3700001	3800000	100000	*
526	chr3L	3800001	3900000	100000	*
527	chr3L	3900001	4000000	100000	*
528	chr3L	4000001	4100000	100000	*
529	chr3L	4100001	4200000	100000	*
530	chr3L	4200001	4300000	100000	*
531	chr3L	4300001	4400000	100000	*
532	chr3L	4400001	4500000	100000	*
533	chr3L	4500001	4600000	100000	*
534	chr3L	4600001	4700000	100000	*
535	chr3L	4700001	4800000	100000	*
536	chr3L	4800001	4900000	100000	*
537	chr3L	4900001	5000000	100000	*
538	chr3L	5000001	5100000	100000	*
539	chr3L	5100001	5200000	100000	*
540	chr3L	5200001	5300000	100000	*
541	chr3L	5300001	5400000	100000	*
542	chr3L	5400001	5500000	100000	*
543	chr3L	5500001	5600000	100000	*
544	chr3L	5600001	5700000	100000	*
545	chr3L	5700001	5800000	100000	*
546	chr3L	5800001	5900000	100000	*
547	chr3L	5900001	6000000	100000	*
548	chr3L	6000001	6100000	100000	*
549	chr3L	6100001	6200000	100000	*
550	chr3L	6200001	6300000	100000	*
551	chr3L	6300001	6400000	100000	*
552	chr3L	6400001	6500000	100000	*
553	chr3L	6500001	6600000	100000	*
554	chr3L	6600001	6700000	100000	*
555	chr3L	6700001	6800000	100000	*
556	chr3L	6800001	6900000	100000	*
557	chr3L	6900001	7000000	100000	*
558	chr3L	7000001	7100000	100000	*
559	chr3L	7100001	7200000	100000	*
560	chr3L	7200001	7300000	100000	*
561	chr3L	7300001	7400000	100000	*
562	chr3L	7400001	7500000	100000	*
563	chr3L	7500001	7600000	100000	*
564	chr3L	7600001	7700000	100000	*
565	chr3L	7700001	7800000	100000	*
566	chr3L	7800001	7900000	100000	*
567	chr3L	7900001	8000000	100000	*
568	chr3L	8000001	8100000	100000	*
569	chr3L	8100001	8200000	100000	*
570	chr3L	8200001	8300000	100000	*
571	chr3L	8300001	8400000	100000	*
572	chr3L	8400001	8500000	100000	*
573	chr3L	8500001	8600000	100000	*
574	chr3L	8600001	8700000	100000	*
575	chr3L	8700001	8800000	100000	*
576	chr3L	8800001	8900000	100000	*
577	chr3L	8900001	9000000	100000	*
578	chr3L	9000001	9100000	100000	*
579	chr3L	9100001	9200000	100000	*
580	chr3L	9200001	9300000	100000	*
581	chr3L	9300001	9400000	100000	*
582	chr3L	9400001	9500000	100000	*
583	chr3L	9500001	9600000	100000	*
584	chr3L	9600001	9700000	100000	*
585	chr3L	9700001	9800000	100000	*
586	chr3L	9800001	9900000	100000	*
587	chr3L	9900001	10000000	100000	*
588	chr3L	10000001	10100000	100000	*
589	chr3L	10100001	10200000	100000	*
590	chr3L	10200001	10300000	100000	*
591	chr3L	10300001	10400000	100000	*
592	chr3L	10400001	10500000	100000	*
593	chr3L	10500001	10600000	100000	*
594	chr3L	10600001	10700000	100000	*
595	chr3L	10700001	10800000	100000	*
596	chr3L	10800001	10900000	100000	*
597	chr3L	10900001	11000000	100000	*
598	chr3L	11000001	11100000	100000	*
599	chr3L	11100001	11200000	100000	*
600	chr3L	11200001	11300000	100000	*
601	chr3L	11300001	11400000	100000	*
602	chr3L	11400001	11500000	100000	*
603	chr3L	11500001	11600000	100000	*
604	chr3L	11600001	11700000	100000	*
605	chr3L	11700001	11800000	100000	*
606	chr3L	11800001	11900000	100000	*
607	chr3L	11900001	12000000	100000	*
608	chr3L	12000001	12100000	100000	*
609	chr3L	12100001	12200000	100000	*
610	chr3L	12200001	12300000	100000	*
611	chr3L	12300001	12400000	100000	*
612	chr3L	12400001	12500000	100000	*
613	chr3L	12500001	12600000	100000	*
614	chr3L	12600001	12700000	100000	*
615	chr3L	12700001	12800000	100000	*
616	chr3L	12800001	12900000	100000	*
617	chr3L	12900001	13000000	100000	*
618	chr3L	13000001	13100000	100000	*
619	chr3L	13100001	13200000	100000	*
620	chr3L	13200001	13300000	100000	*
621	chr3L	13300001	13400000	100000	*
622	chr3L	13400001	13500000	100000	*
623	chr3L	13500001	13600000	100000	*
624	chr3L	13600001	13700000	100000	*
625	chr3L	13700001	13800000	100000	*
626	chr3L	13800001	13900000	100000	*
627	chr3L	13900001	14000000	100000	*
628	chr3L	14000001	14100000	100000	*
629	chr3L	14100001	14200000	100000	*
630	chr3L	14200001	14300000	100000	*
631	chr3L	14300001	14400000	100000	*
632	chr3L	14400001	14500000	100000	*
633	chr3L	14500001	14600000	100000	*
634	chr3L	14600001	14700000	100000	*
635	chr3L	14700001	14800000	100000	*
636	chr3L	14800001	14900000	100000	*
637	chr3L	14900001	15000000	100000	*
638	chr3L	15000001	15100000	100000	*
639	chr3L	15100001	15200000	100000	*
640	chr3L	15200001	15300000	100000	*
641	chr3L	15300001	15400000	100000	*
642	chr3L	15400001	15500000	100000	*
643	chr3L	15500001	15600000	100000	*
644	chr3L	15600001	15700000	100000	*
645	chr3L	15700001	15800000	100000	*
646	chr3L	15800001	15900000	100000	*
647	chr3L	15900001	16000000	100000	*
648	chr3L	16000001	16100000	100000	*
649	chr3L	16100001	16200000	100000	*
650	chr3L	16200001	16300000	100000	*
651	chr3L	16300001	16400000	100000	*
652	chr3L	16400001	16500000	100000	*
653	chr3L	16500001	16600000	100000	*
654	chr3L	16600001	16700000	100000	*
655	chr3L	16700001	16800000	100000	*
656	chr3L	16800001	16900000	100000	*
657	chr3L	16900001	17000000	100000	*
658	chr3L	17000001	17100000	100000	*
659	chr3L	17100001	17200000	100000	*
660	chr3L	17200001	17300000	100000	*
661	chr3L	17300001	17400000	100000	*
662	chr3L	17400001	17500000	100000	*
663	chr3L	17500001	17600000	100000	*
664	chr3L	17600001	17700000	100000	*
665	chr3L	17700001	17800000	100000	*
666	chr3L	17800001	17900000	100000	*
667	chr3L	17900001	18000000	100000	*
668	chr3L	18000001	18100000	100000	*
669	chr3L	18100001	18200000	100000	*
670	chr3L	18200001	18300000	100000	*
671	chr3L	18300001	18400000	100000	*
672	chr3L	18400001	18500000	100000	*
673	chr3L	18500001	18600000	100000	*
674	chr3L	18600001	18700000	100000	*
675	chr3L	18700001	18800000	100000	*
676	chr3L	18800001	18900000	100000	*
677	chr3L	18900001	19000000	100000	*
678	chr3L	19000001	19100000	100000	*
679	chr3L	19100001	19200000	100000	*
680	chr3L	19200001	19300000	100000	*
681	chr3L	19300001	19400000	100000	*
682	chr3L	19400001	19500000	100000	*
683	chr3L	19500001	19600000	100000	*
684	chr3L	19600001	19700000	100000	*
685	chr3L	19700001	19800000	100000	*
686	chr3L	19800001	19900000	100000	*
687	chr3L	19900001	20000000	100000	*
688	chr3L	20000001	20100000	100000	*
689	chr3L	20100001	20200000	100000	*
690	chr3L	20200001	20300000	100000	*
691	chr3L	20300001	20400000	100000	*
692	chr3L	20400001	20500000	100000	*
693	chr3L	20500001	20600000	100000	*
694	chr3L	20600001	20700000	100000	*
695	chr3L	20700001	20800000	100000	*
696	chr3L	20800001	20900000	100000	*
697	chr3L	20900001	21000000	100000	*
698	chr3L	21000001	21100000	100000	*
699	chr3L	21100001	21200000	100000	*
700	chr3L	21200001	21300000	100000	*
701	chr3L	21300001	21400000	100000	*
702	chr3L	21400001	21500000	100000	*
703	chr3L	21500001	21600000	100000	*
704	chr3L	21600001	21700000	100000	*
705	chr3L	21700001	21800000	100000	*
706	chr3L	21800001	21900000	100000	*
707	chr3L	21900001	22000000	100000	*
708	chr3L	22000001	22100000	100000	*
709	chr3L	22100001	22200000	100000	*
710	chr3L	22200001	22300000	100000	*
711	chr3L	22300001	22400000	100000	*
712	chr3L	22400001	22500000	100000	*
713	chr3L	22500001	22600000	100000	*
714	chr3L	22600001	22700000	100000	*
715	chr3L	22700001	22800000	100000	*
716	chr3L	22800001	22900000	100000	*
717	chr3L	22900001	23000000	100000	*
718	chr3L	23000001	23100000	100000	*
719	chr3L	23100001	23200000	100000	*
720	chr3L	23200001	23300000	100000	*
721	chr3L	23300001	23400000	100000	*
722	chr3L	23400001	23500000	100000	*
723	chr3L	23500001	23600000	100000	*
724	chr3L	23600001	23700000	100000	*
725	chr3L	23700001	23800000	100000	*
726	chr3L	23800001	23900000	100000	*
727	chr3L	23900001	24000000	100000	*
728	chr3L	24000001	24100000	100000	*
729	chr3L	24100001	24200000	100000	*
730	chr3L	24200001	24300000	100000	*
731	chr3L	24300001	24400000	100000	*
732	chr3L	24400001	24500000	100000	*
733	chr3L	24500001	24600000	100000	*
734	chr3L	24600001	24700000	100000	*
735	chr3L	24700001	24800000	100000	*
736	chr3L	24800001	24900000	100000	*
737	chr3L	24900001	25000000	100000	*
738	chr3L	25000001	25100000	100000	*
739	chr3L	25100001	25200000	100000	*
740	chr3L	25200001	25300000	100000	*
741	chr3L	25300001	25400000	100000	*
742	chr3L	25400001	25500000	100000	*
743	chr3L	25500001	25600000	100000	*
744	chr3L	25600001	25700000	100000	*
745	chr3L	25700001	25800000	100000	*
746	chr3L	25800001	25900000	100000	*
747	chr3L	25900001	26000000	100000	*
748	chr3L	26000001	26100000	100000	*
749	chr3L	26100001	26200000	100000	*
750	chr3L	26200001	26300000	100000	*
751	chr3L	26300001	26400000	100000	*
752	chr3L	26400001	26500000	100000	*
753	chr3L	26500001	26600000	100000	*
754	chr3L	26600001	26700000	100000	*
755	chr3L	26700001	26800000	100000	*
756	chr3L	26800001	26900000	100000	*
757	chr3L	26900001	27000000	100000	*
758	chr3L	27000001	27100000	100000	*
759	chr3L	27100001	27200000	100000	*
760	chr3L	27200001	27300000	100000	*
761	chr3L	27300001	27400000	100000	*
762	chr3L	27400001	27500000	100000	*
763	chr3L	27500001	27600000	100000	*
764	chr3L	27600001	27700000	100000	*
765	chr3L	27700001	27800000	100000	*
766	chr3L	27800001	27900000	100000	*
767	chr3L	27900001	28000000	100000	*
768	chr3L	28000001	28100000	100000	*
769	chr3R	1	100000	100000	*
770	chr3R	100001	200000	100000	*
771	chr3R	200001	300000	100000	*
772	chr3R	300001	400000	100000	*
773	chr3R	400001	500000	100000	*
774	chr3R	500001	600000	100000	*
775	chr3R	600001	700000	100000	*
776	chr3R	700001	800000	100000	*
777	chr3R	800001	900000	100000	*
778	chr3R	900001	1000000	100000	*
779	chr3R	1000001	1100000	100000	*
780	chr3R	1100001	1200000	100000	*
781	chr3R	1200001	1300000	100000	*
782	chr3R	1300001	1400000	100000	*
783	chr3R	1400001	1500000	100000	*
784	chr3R	1500001	1600000	100000	*
785	chr3R	1600001	1700000	100000	*
786	chr3R	1700001	1800000	100000	*
787	chr3R	1800001	1900000	100000	*
788	chr3R	1900001	2000000	100000	*
789	chr3R	2000001	2100000	100000	*
790	chr3R	2100001	2200000	100000	*
791	chr3R	2200001	2300000	100000	*
792	chr3R	2300001	2400000	100000	*
793	chr3R	2400001	2500000	100000	*
794	chr3R	2500001	2600000	100000	*
795	chr3R	2600001	2700000	100000	*
796	chr3R	2700001	2800000	100000	*
797	chr3R	2800001	2900000	100000	*
798	chr3R	2900001	3000000	100000	*
799	chr3R	3000001	3100000	100000	*
800	chr3R	3100001	3200000	100000	*
801	chr3R	3200001	3300000	100000	*
802	chr3R	3300001	3400000	100000	*
803	chr3R	3400001	3500000	100000	*
804	chr3R	3500001	3600000	100000	*
805	chr3R	3600001	3700000	100000	*
806	chr3R	3700001	3800000	100000	*
807	chr3R	3800001	3900000	100000	*
808	chr3R	3900001	4000000	100000	*
809	chr3R	4000001	4100000	100000	*
810	chr3R	4100001	4200000	100000	*
811	chr3R	4200001	4300000	100000	*
812	chr3R	4300001	4400000	100000	*
813	chr3R	4400001	4500000	100000	*
814	chr3R	4500001	4600000	100000	*
815	chr3R	4600001	4700000	100000	*
816	chr3R	4700001	4800000	100000	*
817	chr3R	4800001	4900000	100000	*
818	chr3R	4900001	5000000	100000	*
819	chr3R	5000001	5100000	100000	*
820	chr3R	5100001	5200000	100000	*
821	chr3R	5200001	5300000	100000	*
822	chr3R	5300001	5400000	100000	*
823	chr3R	5400001	5500000	100000	*
824	chr3R	5500001	5600000	100000	*
825	chr3R	5600001	5700000	100000	*
826	chr3R	5700001	5800000	100000	*
827	chr3R	5800001	5900000	100000	*
828	chr3R	5900001	6000000	100000	*
829	chr3R	6000001	6100000	100000	*
830	chr3R	6100001	6200000	100000	*
831	chr3R	6200001	6300000	100000	*
832	chr3R	6300001	6400000	100000	*
833	chr3R	6400001	6500000	100000	*
834	chr3R	6500001	6600000	100000	*
835	chr3R	6600001	6700000	100000	*
836	chr3R	6700001	6800000	100000	*
837	chr3R	6800001	6900000	100000	*
838	chr3R	6900001	7000000	100000	*
839	chr3R	7000001	7100000	100000	*
840	chr3R	7100001	7200000	100000	*
841	chr3R	7200001	7300000	100000	*
842	chr3R	7300001	7400000	100000	*
843	chr3R	7400001	7500000	100000	*
844	chr3R	7500001	7600000	100000	*
845	chr3R	7600001	7700000	100000	*
846	chr3R	7700001	7800000	100000	*
847	chr3R	7800001	7900000	100000	*
848	chr3R	7900001	8000000	100000	*
849	chr3R	8000001	8100000	100000	*
850	chr3R	8100001	8200000	100000	*
851	chr3R	8200001	8300000	100000	*
852	chr3R	8300001	8400000	100000	*
853	chr3R	8400001	8500000	100000	*
854	chr3R	8500001	8600000	100000	*
855	chr3R	8600001	8700000	100000	*
856	chr3R	8700001	8800000	100000	*
857	chr3R	8800001	8900000	100000	*
858	chr3R	8900001	9000000	100000	*
859	chr3R	9000001	9100000	100000	*
860	chr3R	9100001	9200000	100000	*
861	chr3R	9200001	9300000	100000	*
862	chr3R	9300001	9400000	100000	*
863	chr3R	9400001	9500000	100000	*
864	chr3R	9500001	9600000	100000	*
865	chr3R	9600001	9700000	100000	*
866	chr3R	9700001	9800000	100000	*
867	chr3R	9800001	9900000	100000	*
868	chr3R	9900001	10000000	100000	*
869	chr3R	10000001	10100000	100000	*
870	chr3R	10100001	10200000	100000	*
871	chr3R	10200001	10300000	100000	*
872	chr3R	10300001	10400000	100000	*
873	chr3R	10400001	10500000	100000	*
874	chr3R	10500001	10600000	100000	*
875	chr3R	10600001	10700000	100000	*
876	chr3R	10700001	10800000	100000	*
877	chr3R	10800001	10900000	100000	*
878	chr3R	10900001	11000000	100000	*
879	chr3R	11000001	11100000	100000	*
880	chr3R	11100001	11200000	100000	*
881	chr3R	11200001	11300000	100000	*
882	chr3R	11300001	11400000	100000	*
883	chr3R	11400001	11500000	100000	*
884	chr3R	11500001	11600000	100000	*
885	chr3R	11600001	11700000	100000	*
886	chr3R	11700001	11800000	100000	*
887	chr3R	11800001	11900000	100000	*
888	chr3R	11900001	12000000	100000	*
889	chr3R	12000001	12100000	100000	*
890	chr3R	12100001	12200000	100000	*
891	chr3R	12200001	12300000	100000	*
892	chr3R	12300001	12400000	100000	*
893	chr3R	12400001	12500000	100000	*
894	chr3R	12500001	12600000	100000	*
895	chr3R	12600001	12700000	100000	*
896	chr3R	12700001	12800000	100000	*
897	chr3R	12800001	12900000	100000	*
898	chr3R	12900001	13000000	100000	*
899	chr3R	13000001	13100000	100000	*
900	chr3R	13100001	13200000	100000	*
901	chr3R	13200001	13300000	100000	*
902	chr3R	13300001	13400000	100000	*
903	chr3R	13400001	13500000	100000	*
904	chr3R	13500001	13600000	100000	*
905	chr3R	13600001	13700000	100000	*
906	chr3R	13700001	13800000	100000	*
907	chr3R	13800001	13900000	100000	*
908	chr3R	13900001	14000000	100000	*
909	chr3R	14000001	14100000	100000	*
910	chr3R	14100001	14200000	100000	*
911	chr3R	14200001	14300000	100000	*
912	chr3R	14300001	14400000	100000	*
913	chr3R	14400001	14500000	100000	*
914	chr3R	14500001	14600000	100000	*
915	chr3R	14600001	14700000	100000	*
916	chr3R	14700001	14800000	100000	*
917	chr3R	14800001	14900000	100000	*
918	chr3R	14900001	15000000	100000	*
919	chr3R	15000001	15100000	100000	*
920	chr3R	15100001	15200000	100000	*
921	chr3R	15200001	15300000	100000	*
922	chr3R	15300001	15400000	100000	*
923	chr3R	15400001	15500000	100000	*
924	chr3R	15500001	15600000	100000	*
925	chr3R	15600001	15700000	100000	*
926	chr3R	15700001	15800000	100000	*
927	chr3R	15800001	15900000	100000	*
928	chr3R	15900001	16000000	100000	*
929	chr3R	16000001	16100000	100000	*
930	chr3R	16100001	16200000	100000	*
931	chr3R	16200001	16300000	100000	*
932	chr3R	16300001	16400000	100000	*
933	chr3R	16400001	16500000	100000	*
934	chr3R	16500001	16600000	100000	*
935	chr3R	16600001	16700000	100000	*
936	chr3R	16700001	16800000	100000	*
937	chr3R	16800001	16900000	100000	*
938	chr3R	16900001	17000000	100000	*
939	chr3R	17000001	17100000	100000	*
940	chr3R	17100001	17200000	100000	*
941	chr3R	17200001	17300000	100000	*
942	chr3R	17300001	17400000	100000	*
943	chr3R	17400001	17500000	100000	*
944	chr3R	17500001	17600000	100000	*
945	chr3R	17600001	17700000	100000	*
946	chr3R	17700001	17800000	100000	*
947	chr3R	17800001	17900000	100000	*
948	chr3R	17900001	18000000	100000	*
949	chr3R	18000001	18100000	100000	*
950	chr3R	18100001	18200000	100000	*
951	chr3R	18200001	18300000	100000	*
952	chr3R	18300001	18400000	100000	*
953	chr3R	18400001	18500000	100000	*
954	chr3R	18500001	18600000	100000	*
955	chr3R	18600001	18700000	100000	*
956	chr3R	18700001	18800000	100000	*
957	chr3R	18800001	18900000	100000	*
958	chr3R	18900001	19000000	100000	*
959	chr3R	19000001	19100000	100000	*
960	chr3R	19100001	19200000	100000	*
961	chr3R	19200001	19300000	100000	*
962	chr3R	19300001	19400000	100000	*
963	chr3R	19400001	19500000	100000	*
964	chr3R	19500001	19600000	100000	*
965	chr3R	19600001	19700000	100000	*
966	chr3R	19700001	19800000	100000	*
967	chr3R	19800001	19900000	100000	*
968	chr3R	19900001	20000000	100000	*
969	chr3R	20000001	20100000	100000	*
970	chr3R	20100001	20200000	100000	*
971	chr3R	20200001	20300000	100000	*
972	chr3R	20300001	20400000	100000	*
973	chr3R	20400001	20500000	100000	*
974	chr3R	20500001	20600000	100000	*
975	chr3R	20600001	20700000	100000	*
976	chr3R	20700001	20800000	100000	*
977	chr3R	20800001	20900000	100000	*
978	chr3R	20900001	21000000	100000	*
979	chr3R	21000001	21100000	100000	*
980	chr3R	21100001	21200000	100000	*
981	chr3R	21200001	21300000	100000	*
982	chr3R	21300001	21400000	100000	*
983	chr3R	21400001	21500000	100000	*
984	chr3R	21500001	21600000	100000	*
985	chr3R	21600001	21700000	100000	*
986	chr3R	21700001	21800000	100000	*
987	chr3R	21800001	21900000	100000	*
988	chr3R	21900001	22000000	100000	*
989	chr3R	22000001	22100000	100000	*
990	chr3R	22100001	22200000	100000	*
991	chr3R	22200001	22300000	100000	*
992	chr3R	22300001	22400000	100000	*
993	chr3R	22400001	22500000	100000	*
994	chr3R	22500001	22600000	100000	*
995	chr3R	22600001	22700000	100000	*
996	chr3R	22700001	22800000	100000	*
997	chr3R	22800001	22900000	100000	*
998	chr3R	22900001	23000000	100000	*
999	chr3R	23000001	23100000	100000	*
1000	chr3R	23100001	23200000	100000	*
1001	chr3R	23200001	23300000	100000	*
1002	chr3R	23300001	23400000	100000	*
1003	chr3R	23400001	23500000	100000	*
1004	chr3R	23500001	23600000	100000	*
1005	chr3R	23600001	23700000	100000	*
1006	chr3R	23700001	23800000	100000	*
1007	chr3R	23800001	23900000	100000	*
1008	chr3R	23900001	24000000	100000	*
1009	chr3R	24000001	24100000	100000	*
1010	chr3R	24100001	24200000	100000	*
1011	chr3R	24200001	24300000	100000	*
1012	chr3R	24300001	24400000	100000	*
1013	chr3R	24400001	24500000	100000	*
1014	chr3R	24500001	24600000	100000	*
1015	chr3R	24600001	24700000	100000	*
1016	chr3R	24700001	24800000	100000	*
1017	chr3R	24800001	24900000	100000	*
1018	chr3R	24900001	25000000	100000	*
1019	chr3R	25000001	25100000	100000	*
1020	chr3R	25100001	25200000	100000	*
1021	chr3R	25200001	25300000	100000	*
1022	chr3R	25300001	25400000	100000	*
1023	chr3R	25400001	25500000	100000	*
1024	chr3R	25500001	25600000	100000	*
1025	chr3R	25600001	25700000	100000	*
1026	chr3R	25700001	25800000	100000	*
1027	chr3R	25800001	25900000	100000	*
1028	chr3R	25900001	26000000	100000	*
1029	chr3R	26000001	26100000	100000	*
1030	chr3R	26100001	26200000	100000	*
1031	chr3R	26200001	26300000	100000	*
1032	chr3R	26300001	26400000	100000	*
1033	chr3R	26400001	26500000	100000	*
1034	chr3R	26500001	26600000	100000	*
1035	chr3R	26600001	26700000	100000	*
1036	chr3R	26700001	26800000	100000	*
1037	chr3R	26800001	26900000	100000	*
1038	chr3R	26900001	27000000	100000	*
1039	chr3R	27000001	27100000	100000	*
1040	chr3R	27100001	27200000	100000	*
1041	chr3R	27200001	27300000	100000	*
1042	chr3R	27300001	27400000	100000	*
1043	chr3R	27400001	27500000	100000	*
1044	chr3R	27500001	27600000	100000	*
1045	chr3R	27600001	27700000	100000	*
1046	chr3R	27700001	27800000	100000	*
1047	chr3R	27800001	27900000	100000	*
1048	chr3R	27900001	28000000	100000	*
1049	chr3R	28000001	28100000	100000	*
1050	chr3R	28100001	28200000	100000	*
1051	chr3R	28200001	28300000	100000	*
1052	chr3R	28300001	28400000	100000	*
1053	chr3R	28400001	28500000	100000	*
1054	chr3R	28500001	28600000	100000	*
1055	chr3R	28600001	28700000	100000	*
1056	chr3R	28700001	28800000	100000	*
1057	chr3R	28800001	28900000	100000	*
1058	chr3R	28900001	29000000	100000	*
1059	chr3R	29000001	29100000	100000	*
1060	chr3R	29100001	29200000	100000	*
1061	chr3R	29200001	29300000	100000	*
1062	chr3R	29300001	29400000	100000	*
1063	chr3R	29400001	29500000	100000	*
1064	chr3R	29500001	29600000	100000	*
1065	chr3R	29600001	29700000	100000	*
1066	chr3R	29700001	29800000	100000	*
1067	chr3R	29800001	29900000	100000	*
1068	chr3R	29900001	30000000	100000	*
1069	chr3R	30000001	30100000	100000	*
1070	chr3R	30100001	30200000	100000	*
1071	chr3R	30200001	30300000	100000	*
1072	chr3R	30300001	30400000	100000	*
1073	chr3R	30400001	30500000	100000	*
1074	chr3R	30500001	30600000	100000	*
1075	chr3R	30600001	30700000	100000	*
1076	chr3R	30700001	30800000	100000	*
1077	chr3R	30800001	30900000	100000	*
1078	chr3R	30900001	31000000	100000	*
1079	chr3R	31000001	31100000	100000	*
1080	chr3R	31100001	31200000	100000	*
1081	chr3R	31200001	31300000	100000	*
1082	chr3R	31300001	31400000	100000	*
1083	chr3R	31400001	31500000	100000	*
1084	chr3R	31500001	31600000	100000	*
1085	chr3R	31600001	31700000	100000	*
1086	chr3R	31700001	31800000	100000	*
1087	chr3R	31800001	31900000	100000	*
1088	chr3R	31900001	32000000	100000	*
1089	chr4	1	100000	100000	*
1090	chr4	100001	200000	100000	*
1091	chr4	200001	300000	100000	*
1092	chr4	300001	400000	100000	*
1093	chr4	400001	500000	100000	*
1094	chr4	500001	600000	100000	*
1095	chr4	600001	700000	100000	*
1096	chr4	700001	800000	100000	*
1097	chr4	800001	900000	100000	*
1098	chr4	900001	1000000	100000	*
1099	chr4	1000001	1100000	100000	*
1100	chr4	1100001	1200000	100000	*
1101	chr4	1200001	1300000	100000	*
1102	chrX	1	100000	100000	*
1103	chrX	100001	200000	100000	*
1104	chrX	200001	300000	100000	*
1105	chrX	300001	400000	100000	*
1106	chrX	400001	500000	100000	*
1107	chrX	500001	600000	100000	*
1108	chrX	600001	700000	100000	*
1109	chrX	700001	800000	100000	*
1110	chrX	800001	900000	100000	*
1111	chrX	900001	1000000	100000	*
1112	chrX	1000001	1100000	100000	*
1113	chrX	1100001	1200000	100000	*
1114	chrX	1200001	1300000	100000	*
1115	chrX	1300001	1400000	100000	*
1116	chrX	1400001	1500000	100000	*
1117	chrX	1500001	1600000	100000	*
1118	chrX	1600001	1700000	100000	*
1119	chrX	1700001	1800000	100000	*
1120	chrX	1800001	1900000	100000	*
1121	chrX	1900001	2000000	100000	*
1122	chrX	2000001	2100000	100000	*
1123	chrX	2100001	2200000	100000	*
1124	chrX	2200001	2300000	100000	*
1125	chrX	2300001	2400000	100000	*
1126	chrX	2400001	2500000	100000	*
1127	chrX	2500001	2600000	100000	*
1128	chrX	2600001	2700000	100000	*
1129	chrX	2700001	2800000	100000	*
1130	chrX	2800001	2900000	100000	*
1131	chrX	2900001	3000000	100000	*
1132	chrX	3000001	3100000	100000	*
1133	chrX	3100001	3200000	100000	*
1134	chrX	3200001	3300000	100000	*
1135	chrX	3300001	3400000	100000	*
1136	chrX	3400001	3500000	100000	*
1137	chrX	3500001	3600000	100000	*
1138	chrX	3600001	3700000	100000	*
1139	chrX	3700001	3800000	100000	*
1140	chrX	3800001	3900000	100000	*
1141	chrX	3900001	4000000	100000	*
1142	chrX	4000001	4100000	100000	*
1143	chrX	4100001	4200000	100000	*
1144	chrX	4200001	4300000	100000	*
1145	chrX	4300001	4400000	100000	*
1146	chrX	4400001	4500000	100000	*
1147	chrX	4500001	4600000	100000	*
1148	chrX	4600001	4700000	100000	*
1149	chrX	4700001	4800000	100000	*
1150	chrX	4800001	4900000	100000	*
1151	chrX	4900001	5000000	100000	*
1152	chrX	5000001	5100000	100000	*
1153	chrX	5100001	5200000	100000	*
1154	chrX	5200001	5300000	100000	*
1155	chrX	5300001	5400000	100000	*
1156	chrX	5400001	5500000	100000	*
1157	chrX	5500001	5600000	100000	*
1158	chrX	5600001	5700000	100000	*
1159	chrX	5700001	5800000	100000	*
1160	chrX	5800001	5900000	100000	*
1161	chrX	5900001	6000000	100000	*
1162	chrX	6000001	6100000	100000	*
1163	chrX	6100001	6200000	100000	*
1164	chrX	6200001	6300000	100000	*
1165	chrX	6300001	6400000	100000	*
1166	chrX	6400001	6500000	100000	*
1167	chrX	6500001	6600000	100000	*
1168	chrX	6600001	6700000	100000	*
1169	chrX	6700001	6800000	100000	*
1170	chrX	6800001	6900000	100000	*
1171	chrX	6900001	7000000	100000	*
1172	chrX	7000001	7100000	100000	*
1173	chrX	7100001	7200000	100000	*
1174	chrX	7200001	7300000	100000	*
1175	chrX	7300001	7400000	100000	*
1176	chrX	7400001	7500000	100000	*
1177	chrX	7500001	7600000	100000	*
1178	chrX	7600001	7700000	100000	*
1179	chrX	7700001	7800000	100000	*
1180	chrX	7800001	7900000	100000	*
1181	chrX	7900001	8000000	100000	*
1182	chrX	8000001	8100000	100000	*
1183	chrX	8100001	8200000	100000	*
1184	chrX	8200001	8300000	100000	*
1185	chrX	8300001	8400000	100000	*
1186	chrX	8400001	8500000	100000	*
1187	chrX	8500001	8600000	100000	*
1188	chrX	8600001	8700000	100000	*
1189	chrX	8700001	8800000	100000	*
1190	chrX	8800001	8900000	100000	*
1191	chrX	8900001	9000000	100000	*
1192	chrX	9000001	9100000	100000	*
1193	chrX	9100001	9200000	100000	*
1194	chrX	9200001	9300000	100000	*
1195	chrX	9300001	9400000	100000	*
1196	chrX	9400001	9500000	100000	*
1197	chrX	9500001	9600000	100000	*
1198	chrX	9600001	9700000	100000	*
1199	chrX	9700001	9800000	100000	*
1200	chrX	9800001	9900000	100000	*
1201	chrX	9900001	10000000	100000	*
1202	chrX	10000001	10100000	100000	*
1203	chrX	10100001	10200000	100000	*
1204	chrX	10200001	10300000	100000	*
1205	chrX	10300001	10400000	100000	*
1206	chrX	10400001	10500000	100000	*
1207	chrX	10500001	10600000	100000	*
1208	chrX	10600001	10700000	100000	*
1209	chrX	10700001	10800000	100000	*
1210	chrX	10800001	10900000	100000	*
1211	chrX	10900001	11000000	100000	*
1212	chrX	11000001	11100000	100000	*
1213	chrX	11100001	11200000	100000	*
1214	chrX	11200001	11300000	100000	*
1215	chrX	11300001	11400000	100000	*
1216	chrX	11400001	11500000	100000	*
1217	chrX	11500001	11600000	100000	*
1218	chrX	11600001	11700000	100000	*
1219	chrX	11700001	11800000	100000	*
1220	chrX	11800001	11900000	100000	*
1221	chrX	11900001	12000000	100000	*
1222	chrX	12000001	12100000	100000	*
1223	chrX	12100001	12200000	100000	*
1224	chrX	12200001	12300000	100000	*
1225	chrX	12300001	12400000	100000	*
1226	chrX	12400001	12500000	100000	*
1227	chrX	12500001	12600000	100000	*
1228	chrX	12600001	12700000	100000	*
1229	chrX	12700001	12800000	100000	*
1230	chrX	12800001	12900000	100000	*
1231	chrX	12900001	13000000	100000	*
1232	chrX	13000001	13100000	100000	*
1233	chrX	13100001	13200000	100000	*
1234	chrX	13200001	13300000	100000	*
1235	chrX	13300001	13400000	100000	*
1236	chrX	13400001	13500000	100000	*
1237	chrX	13500001	13600000	100000	*
1238	chrX	13600001	13700000	100000	*
1239	chrX	13700001	13800000	100000	*
1240	chrX	13800001	13900000	100000	*
1241	chrX	13900001	14000000	100000	*
1242	chrX	14000001	14100000	100000	*
1243	chrX	14100001	14200000	100000	*
1244	chrX	14200001	14300000	100000	*
1245	chrX	14300001	14400000	100000	*
1246	chrX	14400001	14500000	100000	*
1247	chrX	14500001	14600000	100000	*
1248	chrX	14600001	14700000	100000	*
1249	chrX	14700001	14800000	100000	*
1250	chrX	14800001	14900000	100000	*
1251	chrX	14900001	15000000	100000	*
1252	chrX	15000001	15100000	100000	*
1253	chrX	15100001	15200000	100000	*
1254	chrX	15200001	15300000	100000	*
1255	chrX	15300001	15400000	100000	*
1256	chrX	15400001	15500000	100000	*
1257	chrX	15500001	15600000	100000	*
1258	chrX	15600001	15700000	100000	*
1259	chrX	15700001	15800000	100000	*
1260	chrX	15800001	15900000	100000	*
1261	chrX	15900001	16000000	100000	*
1262	chrX	16000001	16100000	100000	*
1263	chrX	16100001	16200000	100000	*
1264	chrX	16200001	16300000	100000	*
1265	chrX	16300001	16400000	100000	*
1266	chrX	16400001	16500000	100000	*
1267	chrX	16500001	16600000	100000	*
1268	chrX	16600001	16700000	100000	*
1269	chrX	16700001	16800000	100000	*
1270	chrX	16800001	16900000	100000	*
1271	chrX	16900001	17000000	100000	*
1272	chrX	17000001	17100000	100000	*
1273	chrX	17100001	17200000	100000	*
1274	chrX	17200001	17300000	100000	*
1275	chrX	17300001	17400000	100000	*
1276	chrX	17400001	17500000	100000	*
1277	chrX	17500001	17600000	100000	*
1278	chrX	17600001	17700000	100000	*
1279	chrX	17700001	17800000	100000	*
1280	chrX	17800001	17900000	100000	*
1281	chrX	17900001	18000000	100000	*
1282	chrX	18000001	18100000	100000	*
1283	chrX	18100001	18200000	100000	*
1284	chrX	18200001	18300000	100000	*
1285	chrX	18300001	18400000	100000	*
1286	chrX	18400001	18500000	100000	*
1287	chrX	18500001	18600000	100000	*
1288	chrX	18600001	18700000	100000	*
1289	chrX	18700001	18800000	100000	*
1290	chrX	18800001	18900000	100000	*
1291	chrX	18900001	19000000	100000	*
1292	chrX	19000001	19100000	100000	*
1293	chrX	19100001	19200000	100000	*
1294	chrX	19200001	19300000	100000	*
1295	chrX	19300001	19400000	100000	*
1296	chrX	19400001	19500000	100000	*
1297	chrX	19500001	19600000	100000	*
1298	chrX	19600001	19700000	100000	*
1299	chrX	19700001	19800000	100000	*
1300	chrX	19800001	19900000	100000	*
1301	chrX	19900001	20000000	100000	*
1302	chrX	20000001	20100000	100000	*
1303	chrX	20100001	20200000	100000	*
1304	chrX	20200001	20300000	100000	*
1305	chrX	20300001	20400000	100000	*
1306	chrX	20400001	20500000	100000	*
1307	chrX	20500001	20600000	100000	*
1308	chrX	20600001	20700000	100000	*
1309	chrX	20700001	20800000	100000	*
1310	chrX	20800001	20900000	100000	*
1311	chrX	20900001	21000000	100000	*
1312	chrX	21000001	21100000	100000	*
1313	chrX	21100001	21200000	100000	*
1314	chrX	21200001	21300000	100000	*
1315	chrX	21300001	21400000	100000	*
1316	chrX	21400001	21500000	100000	*
1317	chrX	21500001	21600000	100000	*
1318	chrX	21600001	21700000	100000	*
1319	chrX	21700001	21800000	100000	*
1320	chrX	21800001	21900000	100000	*
1321	chrX	21900001	22000000	100000	*
1322	chrX	22000001	22100000	100000	*
1323	chrX	22100001	22200000	100000	*
1324	chrX	22200001	22300000	100000	*
1325	chrX	22300001	22400000	100000	*
1326	chrX	22400001	22500000	100000	*
1327	chrX	22500001	22600000	100000	*
1328	chrX	22600001	22700000	100000	*
1329	chrX	22700001	22800000	100000	*
1330	chrX	22800001	22900000	100000	*
1331	chrX	22900001	23000000	100000	*
1332	chrX	23000001	23100000	100000	*
1333	chrX	23100001	23200000	100000	*
1334	chrX	23200001	23300000	100000	*
1335	chrX	23300001	23400000	100000	*
1336	chrX	23400001	23500000	100000	*
