#SUBMITTED ID	LOCATION_ARM	LOCATION_MAX	LOCATION_MIN
FBgn0034432	2R	19307445	19305172
FBgn0031020	X	19484643	19479984
FBgn0026533	2R	16861738	16856220
FBgn0037686	3R	9401226	9400237
FBgn0030817	X	17104562	17091854
FBgn0034743	2R	22607995	22605745
FBgn0010198	X	13337705	13335637
FBgn0266000	X	4938105	4926664
FBgn0026250	3R	18283005	18274665
FBgn0001142	2L	134472	132077
FBgn0030608	X	15076220	15069127
FBgn0030276	X	11164670	11154421
FBgn0010431	3L	8414103	8413012
FBgn0004419	2L	10242172	10239341
FBgn0002638	3L	5932773	5930262
FBgn0285952	2R	24059483	24057798
FBgn0037248	3R	4429335	4422483
FBgn0000356	3L	8732599	8731944
FBgn0266599	3R	15246614	15242687
FBgn0040075	3L	19257111	19255340
FBgn0037249	3R	4433895	4429798
FBgn0263977	3R	3745306	3734855
FBgn0027493	3R	20830580	20824667
FBgn0066084	2R	24903935	24903416
FBgn0053113	2L	5009720	4992808
FBgn0033879	2R	13854331	13852947
FBgn0010278	2R	23809004	23806361
FBgn0032408	2L	12096511	12095176
FBgn0032050	2L	8511866	8509069
FBgn0013987	X	5764203	5759908
FBgn0029176	3R	29222109	29220172
FBgn0000182	2L	16048757	16042047
FBgn0086361	3R	29617157	29591831
FBgn0261933	3L	12734611	12733364
FBgn0028685	X	6291245	6289470
FBgn0010408	3L	9511531	9509793
FBgn0039300	3R	25247514	25245955
FBgn0003346	2L	19447317	19441959
FBgn0015288	X	765130	762560
FBgn0014189	2L	5542314	5539326
FBgn0030241	X	10854869	10852446
FBgn0034138	2R	16571230	16570112
FBgn0026400	3R	28599288	28598059
FBgn0026196	2L	6918743	6916753
FBgn0038476	3R	17084781	17080244
FBgn0024362	X	1344770	1342106
FBgn0011361	3L	1331631	1329949
FBgn0002914	X	15857823	15854832
FBgn0038453	3R	16645171	16643605
FBgn0037913	3R	11567054	11559896
FBgn0002590	X	17148264	17143588
FBgn0046114	3R	22686510	22685006
FBgn0031030	X	19579800	19569721
FBgn0010282	3R	6382604	6380467
FBgn0086134	3R	12432556	12431321
FBgn0039858	3R	31612664	31596642
FBgn0024188	2R	11361871	11360706
FBgn0053181	X	8517029	8489348
FBgn0034118	2R	16345828	16344377
FBgn0038834	3R	20851427	20850516
FBgn0023175	2R	9847836	9846636
FBgn0019686	2L	20064381	20061422
FBgn0052251	3L	4318608	4313483
FBgn0010078	2R	22855694	22854383
FBgn0033015	2R	5295965	5259004
FBgn0003360	X	10786958	10780893
FBgn0032051	2L	8514868	8512174
FBgn0034802	2R	22937077	22934569
FBgn0263987	X	5420867	5412386
FBgn0034086	2R	16186506	16185122
FBgn0000100	3L	22077487	22075867
FBgn0045823	3L	9717716	9714324
FBgn0034534	2R	20641668	20640976
FBgn0010409	2R	17547462	17546406
FBgn0004404	X	7935792	7934898
FBgn0016726	2R	21294404	21293768
FBgn0011290	3R	11679690	11678386
FBgn0001280	3R	30039533	30038622
FBgn0036538	3L	15837482	15835693
FBgn0039757	3R	30209020	30206447
FBgn0283536	3R	19644386	19643018
FBgn0030724	X	16073568	16070365
FBgn0086856	2L	274766	273836
FBgn0266410	3R	9362994	9340216
FBgn0052644	X	12970056	12967888
FBgn0022023	2L	5053094	5051193
FBgn0030328	X	11715565	11710120
FBgn0034877	2R	23548982	23548239
FBgn0029133	X	13214408	13212325
FBgn0284220	2L	19453490	19447365
FBgn0031126	X	20661425	20657122
FBgn0029715	X	4554398	4553117
FBgn0034753	2R	22646344	22644646
FBgn0020392	3L	8178429	8176135
FBgn0038100	3R	12985488	12980792
FBgn0036928	3L	20002446	20000644
FBgn0039359	3R	25685051	25683623
FBgn0037632	3R	8806234	8801564
FBgn0020238	3R	18250550	18242531
FBgn0020224	3L	8432246	8424954
FBgn0043456	2L	10008889	10003832
FBgn0030788	X	16789644	16787283
FBgn0262736	2R	6633090	6625242
FBgn0003612	2R	9122000	9116122
FBgn0016687	2R	24561087	24558967
FBgn0031090	X	20159872	20155766
FBgn0015268	2R	23907294	23905175
FBgn0010612	2L	10976399	10975522
FBgn0039830	3R	31219630	31216145
FBgn0032208	2L	10292365	10281943
FBgn0004926	3L	12526731	12525093
FBgn0029882	X	6654248	6653113
FBgn0029512	3R	12433822	12432533
FBgn0015522	2R	17848444	17846699
FBgn0001092	X	15869661	15868145
FBgn0010217	4	1034917	1031484
FBgn0039735	3R	30004861	30003681
FBgn0001233	3L	3197059	3192969
FBgn0000412	3R	9240654	9238083
FBgn0041186	3R	29153266	29152074
FBgn0040007	2R	4516458	4515388
FBgn0030366	X	12029032	12022837
FBgn0037482	3R	7186673	7184101
FBgn0264492	3L	23103460	23097072
FBgn0000927	X	2726577	2724286
FBgn0031677	2L	5055016	5054579
FBgn0028688	3R	22462054	22460662
FBgn0025394	X	1517615	1483479
FBgn0025549	X	7291298	7288367
FBgn0027095	3R	16350801	16349404
FBgn0035630	3L	5765702	5761963
FBgn0052625	X	13756826	13756164
FBgn0250848	3L	13996571	13994231
FBgn0022238	2R	18158192	18154095
FBgn0004828	X	9156669	9152523
FBgn0011211	2R	22802180	22799099
FBgn0028737	2R	16869280	16868222
FBgn0035872	3L	8315502	8310493
FBgn0037834	3R	10788226	10786481
FBgn0032198	2L	10234450	10232507
FBgn0029801	X	5759751	5755574
FBgn0061359	2R	12636141	12634166
FBgn0286784	2R	9993559	9989159
FBgn0000359	X	8480523	8479319
FBgn0002284	3L	16610418	16609400
FBgn0036825	3L	18900408	18898875
FBgn0051363	3R	11619906	11590386
FBgn0263598	2L	12978607	12974322
FBgn0000996	2R	15380988	15376619
FBgn0000579	2L	1729636	1724768
FBgn0005617	2L	18688800	18683720
FBgn0011726	2R	24046805	24044453
FBgn0033988	2R	14991336	14981263
FBgn0026144	X	7342731	7337352
FBgn0035715	3L	6756497	6754017
FBgn0266487	2R	12619820	12612740
FBgn0030061	X	8717065	8714936
FBgn0019925	3R	15346176	15343653
FBgn0250843	2L	10222546	10221351
FBgn0250911	3L	2641984	2631715
FBgn0261955	X	6361323	6350629
FBgn0283535	3R	5595356	5591763
FBgn0013347	3R	23891060	23890388
FBgn0011584	2L	10013170	10009381
FBgn0021895	2R	23851480	23847161
FBgn0031395	2L	2192386	2189914
FBgn0259682	2R	18761082	18757074
FBgn0086656	2R	9143914	9142146
FBgn0263740	3R	15263458	15257844
FBgn0020443	2L	12441279	12434452
FBgn0033979	2R	14879752	14877786
FBgn0000251	2L	20783135	20770731
FBgn0250837	2L	11012135	11011312
FBgn0261791	X	16640419	16639810
FBgn0010265	2L	8364662	8363477
FBgn0026418	3L	14043686	14037019
FBgn0000454	3R	13785676	13782288
FBgn0032987	2L	22247875	22247111
FBgn0082598	3L	7373711	7369843
FBgn0029174	2L	9890119	9888005
FBgn0024733	3L	23095471	23093190
FBgn0262515	2R	9209774	9207561
FBgn0023477	2R	23942114	23940410
FBgn0284228	X	15991974	15987166
FBgn0039936	4	867025	853557
FBgn0032789	2L	19488691	19487490
FBgn0033021	2R	5363104	5360331
FBgn0037137	3L	21836685	21832774
FBgn0020279	2R	8078815	8067977
FBgn0263396	3R	13646304	13634862
FBgn0002183	3L	1876312	1871574
FBgn0032014	2L	8306741	8305586
FBgn0038196	3R	14036398	14035018
FBgn0000117	X	1900646	1891401
FBgn0262473	3R	26842403	26799041
FBgn0010348	3L	22872231	22868380
FBgn0011573	3L	1797307	1795392
FBgn0033476	2R	10048619	10034595
FBgn0010638	2R	14619681	14618771
FBgn0036124	3L	11078736	11074769
FBgn0020618	2L	7827315	7825347
FBgn0038535	3R	17682515	17673732
FBgn0037607	3R	8673702	8667868
FBgn0036735	3L	17529861	17525333
FBgn0263773	2L	20085070	20079270
FBgn0035083	2R	24942413	24940625
FBgn0003462	3L	11113740	11112281
FBgn0011760	X	4702034	4687800
FBgn0035438	3L	3328626	3326265
FBgn0260223	2R	21691139	21690215
FBgn0267976	2L	23313578	23312465
FBgn0030268	X	11137118	11129362
FBgn0028992	3R	17393020	17391594
FBgn0028694	2L	5059790	5058404
FBgn0003514	X	6225140	6223061
FBgn0005533	3L	9429821	9428795
FBgn0039869	3R	31744248	31743490
FBgn0036213	3L	11824211	11822851
FBgn0004107	3R	20738414	20735623
FBgn0028953	2R	17465795	17457663
FBgn0004913	3R	4910081	4906622
FBgn0003607	2L	8211122	8209626
FBgn0034021	2R	15482834	15472175
FBgn0283477	3R	16341988	16338943
FBgn0028325	X	4705265	4702284
FBgn0263979	3R	15227564	15225576
FBgn0030738	X	16313138	16309817
FBgn0261596	2R	22641419	22640526
FBgn0029941	X	7405797	7281089
FBgn0285948	2L	4458364	4457186
FBgn0085193	2L	12058251	12056348
FBgn0030086	X	9092826	9089513
FBgn0284245	2R	11895762	11891135
FBgn0038145	3R	13385283	13382106
FBgn0004177	2L	7833576	7827650
FBgn0030502	X	13616586	13613193
FBgn0001149	3R	12369268	12367817
FBgn0002525	2L	5546642	5542480
FBgn0003980	2L	5957639	5957004
FBgn0022343	2R	24939769	24938181
FBgn0003449	X	5310501	5309242
FBgn0024352	2L	297449	295122
FBgn0043002	2L	8437996	8437405
FBgn0015623	2L	6346280	6338836
FBgn0027552	3L	3942465	3941008
FBgn0051092	3R	25740465	25698727
FBgn0025814	X	21044107	21042125
FBgn0261789	3R	6345911	6345000
FBgn0035370	3L	2768392	2766999
FBgn0004584	2L	2972508	2969773
FBgn0010488	2R	12923734	12915994
FBgn0000043	2R	6015689	6013910
FBgn0022893	2L	21629932	21626309
FBgn0034282	2R	17872015	17866178
FBgn0000318	2L	5521382	5520135
FBgn0015776	2L	6786861	6778555
FBgn0052267	3L	3472113	3471555
FBgn0000173	X	13999805	13996345
FBgn0000559	2L	21682164	21677913
FBgn0026238	2R	5128321	5116990
FBgn0017581	3R	11764457	11750931
FBgn0001104	3L	6980044	6972750
FBgn0015221	3R	30390584	30387804
FBgn0038809	3R	20585833	20581770
FBgn0030616	X	15139367	15137870
FBgn0051342	3R	12991543	12986041
FBgn0037533	3R	7978428	7974409
FBgn0033581	2R	11150068	11147602
FBgn0016120	3R	19096271	19095000
FBgn0032586	2L	16507621	16491540
FBgn0032518	2L	13395131	13393687
FBgn0259937	2R	24186343	24174877
FBgn0000055	2L	14618902	14615552
FBgn0023213	4	930715	915297
FBgn0001218	X	11807117	11801696
FBgn0041171	3L	4254306	4246343
FBgn0286778	2R	7782637	7737019
FBgn0027359	X	11369283	11368445
FBgn0266666	2L	7064467	7063986
FBgn0261599	3R	9779528	9778042
FBgn0015031	2L	5327969	5327227
FBgn0038947	3R	22360711	22356685
FBgn0001091	2R	7793380	7791901
FBgn0015245	X	11112308	11108482
FBgn0034181	2R	17019522	17016226
FBgn0003124	3L	20313466	20309654
FBgn0004507	2L	2137296	2130813
FBgn0016983	3L	7385637	7381614
FBgn0002626	3R	30046161	30045229
FBgn0000404	3L	11833578	11826719
FBgn0002921	3R	20976239	20948714
FBgn0061515	3L	14031706	14029579
FBgn0016053	2R	22332813	22330200
FBgn0030093	X	9151976	9149309
FBgn0261609	X	16446993	16445176
FBgn0250838	2R	23386463	23385464
FBgn0037756	3R	9793098	9791483
FBgn0027329	X	15748971	15746648
FBgn0015286	X	3719635	3704610
FBgn0003598	3R	13270038	13264364
FBgn0024432	3R	18300044	18299229
FBgn0260439	2L	8370090	8366038
FBgn0000308	2L	5981018	5972115
FBgn0003525	3R	29255800	29251826
FBgn0033741	2R	12471722	12468651
FBgn0262782	2L	10396332	10393774
FBgn0027932	2L	8431297	8415690
FBgn0022213	2L	16825207	16821156
FBgn0027291	X	19521810	19518428
FBgn0015553	2L	18682075	18679631
FBgn0026879	X	625203	624757
FBgn0003721	3R	15308779	15278220
FBgn0013981	3R	14626614	14625755
FBgn0250869	X	6333028	6330842
FBgn0267385	3R	22372746	22367536
FBgn0032189	2L	10200974	10199401
FBgn0025639	X	656033	648483
FBgn0001248	3L	8360906	8356404
FBgn0028662	3R	14904061	14902330
FBgn0003231	2L	19545548	19542468
FBgn0259990	3R	27959245	27957356
FBgn0015799	X	801479	797090
FBgn0010288	2L	2214211	2212738
FBgn0262608	X	4247785	4247313
FBgn0003074	2R	8914069	8910900
FBgn0036334	3L	13016903	13016050
FBgn0037360	3R	5659912	5656236
FBgn0028686	X	11126785	11125101
FBgn0013770	2R	13967981	13960675
FBgn0022338	3R	18982749	18980995
FBgn0063485	3L	16711677	16676406
FBgn0025809	X	15785583	15784009
FBgn0283494	2R	24025877	24024207
FBgn0036921	3L	19932930	19928743
FBgn0002579	X	629483	628338
FBgn0285947	X	19599806	19598031
FBgn0015372	2R	23523613	23519839
FBgn0011016	3L	16130983	16129617
FBgn0029687	X	3955442	3948975
FBgn0266101	3L	9475475	9461050
FBgn0033379	2R	9113951	9111505
FBgn0036272	3L	12277251	12271656
FBgn0086707	2L	18448957	18444507
FBgn0260780	X	11899920	11893943
FBgn0010341	X	19699938	19697091
FBgn0004587	3R	13666891	13661311
FBgn0013954	2R	19290962	19290109
FBgn0283478	2L	9765338	9763369
FBgn0031452	2L	2746944	2745098
FBgn0033691	2R	12179902	12179483
FBgn0037351	3R	5625947	5624474
FBgn0039857	3R	31596204	31594792
FBgn0260456	2R	24668343	24666158
FBgn0029979	X	7931382	7922158
FBgn0030063	X	8721503	8720520
FBgn0000357	3L	8727613	8726791
FBgn0004636	3L	1862239	1859115
FBgn0032101	2L	9166514	9165421
FBgn0016691	3R	15266690	15265591
FBgn0287720	2L	10060095	10056900
FBgn0037262	3R	4643292	4641963
FBgn0036827	3L	18902952	18901594
FBgn0011236	2R	23877442	23870273
FBgn0260399	3R	18750360	18746370
FBgn0000181	2R	12871794	12870249
FBgn0036537	3L	15835388	15833795
FBgn0046214	3R	25125619	25123373
FBgn0263106	3L	5752189	5750029
FBgn0040020	3L	25115946	25114924
FBgn0010342	2R	9592744	9590867
FBgn0039644	3R	29164966	29158122
FBgn0023174	3L	15001319	14999951
FBgn0262519	3L	19910215	19882051
FBgn0285950	2R	24969547	24967877
FBgn0028331	X	10366273	10348680
FBgn0033378	2R	9111578	9110799
FBgn0015527	X	21349843	21346503
FBgn0003979	2L	5960340	5959596
FBgn0033529	2R	10481886	10480163
FBgn0001226	3L	9385694	9384063
FBgn0030520	X	13755406	13745577
FBgn0014869	3R	29149901	29148248
FBgn0014076	2L	11171665	11171167
FBgn0029157	3R	24944956	24938710
FBgn0021872	2R	21145750	21143545
FBgn0011787	3L	8957584	8956791
FBgn0284248	2L	16722644	16719932
FBgn0016070	3L	8997989	8990317
FBgn0010415	2R	21481176	21392402
FBgn0032453	2L	12708680	12707661
FBgn0036927	3L	20000686	19997714
FBgn0003655	X	6365708	6363418
FBgn0086254	3L	11624381	11620535
FBgn0052190	3L	17802279	17797738
FBgn0039562	3R	27952151	27948711
FBgn0023143	2R	9693328	9688289
FBgn0031670	2L	5012127	5010922
FBgn0259936	2L	20648848	20647533
FBgn0266441	3L	15110730	15105882
FBgn0035422	3L	3222960	3220911
FBgn0010590	2R	16014787	16013805
FBgn0023215	X	3701672	3671801
FBgn0004403	X	7934677	7933742
FBgn0016041	X	7739978	7736893
FBgn0003884	3R	7088839	7086599
FBgn0284436	2R	8906990	8904844
FBgn0020369	X	21317663	21316052
FBgn0036035	3L	9719144	9717786
FBgn0031969	2L	7994184	7986786
FBgn0061360	2R	12636141	12634166
FBgn0024841	3R	29724226	29723163
FBgn0027338	3R	9577733	9574484
FBgn0286813	2R	15387851	15380724
FBgn0001125	2L	1987758	1984512
FBgn0016119	3R	23356064	23355220
FBgn0030672	X	15710539	15705806
FBgn0035016	2R	24526089	24521874
FBgn0035526	3L	4286865	4283851
FBgn0030364	X	12020719	12018640
FBgn0037810	3R	10338265	10333115
FBgn0015903	2R	23599526	23564891
FBgn0030468	X	13299910	13297082
FBgn0023528	X	2270761	2264657
FBgn0011703	2L	10327943	10325026
FBgn0260799	2R	4609492	4595288
FBgn0033757	2R	12632378	12628697
FBgn0262743	2L	20750941	20734609
FBgn0286516	3R	8820682	8813490
FBgn0034091	2R	16221793	16203329
FBgn0032859	2L	20423027	20417057
FBgn0022985	2R	22419001	22415560
FBgn0263933	2L	418536	415067
FBgn0010328	3R	27264055	27256595
FBgn0285954	X	16293520	16288810
FBgn0037270	3R	4714182	4712882
FBgn0029996	X	8094064	8087544
FBgn0086251	2L	21148546	21145137
FBgn0030151	X	9782094	9778742
FBgn0086710	2L	19009306	19008031
FBgn0029897	X	6744238	6741537
FBgn0003676	3R	22491439	22489105
FBgn0010551	2R	18822250	18819467
FBgn0033485	2R	10099590	10098518
FBgn0004362	2R	21716727	21701458
FBgn0039350	3R	25651874	25637843
FBgn0264922	2L	6967644	6966780
FBgn0261394	2R	20996118	20994900
FBgn0014184	2R	12174264	12166295
FBgn0039406	3R	26059267	26058420
FBgn0037624	3R	8754104	8747798
FBgn0004888	3L	3818383	3814211
FBgn0260858	X	7921966	7920409
FBgn0034650	2R	21671593	21670152
FBgn0250753	3R	5601136	5595364
FBgn0002781	3R	21377401	21350846
FBgn0002787	2R	24404527	24400028
FBgn0014879	3R	15265253	15263552
FBgn0015778	3R	13654527	13647004
FBgn0085362	X	2277781	2275822
FBgn0004066	X	16277587	16276270
FBgn0028684	3R	23754623	23752876
FBgn0003087	2L	10364092	10362989
FBgn0025366	2L	10409610	10408352
FBgn0032717	2L	18839679	18833710
FBgn0036258	3L	12146097	12143446
FBgn0015790	3R	21116146	21111408
FBgn0032746	2L	19049884	19049076
FBgn0086683	2L	23068386	23066874
FBgn0038746	3R	19904868	19903665
FBgn0259785	3L	21290310	21286099
FBgn0004907	2R	10109687	10099677
FBgn0086356	2R	13858689	13856150
FBgn0047135	3L	3199047	3197863
FBgn0005695	2R	8728999	8724258
FBgn0028664	3L	4186865	4186018
FBgn0030519	X	13741952	13739744
FBgn0040011	2L	22585843	22579072
FBgn0037328	3R	5467101	5465630
FBgn0002552	2R	8918234	8914524
FBgn0036641	3L	16581547	16580398
FBgn0004924	X	15328029	15319479
FBgn0004363	2L	10850848	10847227
FBgn0031493	2L	3029168	3026252
FBgn0038252	3R	14664822	14663450
FBgn0002593	2L	420864	419952
FBgn0000250	2L	16326207	16313036
FBgn0263594	3R	4407182	4403076
FBgn0010382	2L	15748150	15727581
FBgn0287589	3R	10698976	10696647
FBgn0005671	3R	12627829	12623762
FBgn0030996	X	19196037	19193555
FBgn0035601	3L	5366225	5362884
FBgn0021967	2L	3467334	3466157
FBgn0029568	X	1205433	1203777
FBgn0013756	2R	11861202	11852617
FBgn0014466	X	8478320	8477117
FBgn0005391	X	10052636	10050951
FBgn0040660	2R	23383424	23377866
FBgn0010621	2R	12177516	12174802
FBgn0267320	3L	17032608	17032055
FBgn0003274	2R	16586732	16586129
FBgn0031980	2L	8042909	8041873
FBgn0263198	2L	19048817	19045355
FBgn0263144	2R	6240602	6214568
FBgn0035388	3L	3040469	3035196
FBgn0015805	3L	4629467	4626734
FBgn0023170	2R	24062431	24061853
FBgn0031057	X	19687658	19683808
FBgn0066303	X	19745898	19744431
FBgn0040227	3R	23682317	23680039
FBgn0028692	3R	29157255	29153524
FBgn0004401	3L	17645036	17638103
FBgn0036967	3L	20309511	20299410
FBgn0003277	X	11570326	11562800
FBgn0037874	3R	11211898	11210247
FBgn0267912	X	16587172	16560684
FBgn0031896	2L	7204264	7194908
FBgn0000114	2L	12313438	12175004
FBgn0000239	2L	21179683	21174182
FBgn0066304	X	19745898	19744431
FBgn0019624	3R	11820299	11819359
FBgn0011824	2R	21097305	21095958
FBgn0036815	3L	18822353	18821171
FBgn0037614	3R	8721320	8716243
FBgn0041775	3L	12520954	12515059
FBgn0005585	3R	9630851	9628691
FBgn0003261	3R	6008579	6000426
FBgn0040309	X	13331994	13329824
FBgn0004872	2L	10987420	10982205
FBgn0001197	3R	26869220	26866929
FBgn0028360	X	6659709	6654541
FBgn0260747	X	17150647	17149001
FBgn0032925	2L	21166090	21163641
FBgn0005278	2L	114432	106903
FBgn0039640	3R	29145787	29138662
FBgn0036918	3L	19924688	19923671
FBgn0035753	3L	7241351	7240203
FBgn0031769	2L	6053877	6050800
FBgn0029785	X	5673547	5672401
FBgn0004237	3R	13660531	13656846
FBgn0000355	3L	8729066	8728481
FBgn0028408	2R	9302821	9291856
FBgn0032884	2L	20789098	20787656
FBgn0033699	2R	12200815	12199024
FBgn0039713	3R	29863902	29861582
FBgn0033902	2R	14164825	14163066
FBgn0015737	3R	27291592	27288769
FBgn0013726	2R	8240297	8237271
FBgn0042134	3L	18673324	18668153
FBgn0032596	2L	16732133	16731180
FBgn0026575	X	16438454	16422831
FBgn0010770	3R	21117899	21116254
FBgn0013269	3R	15333133	15331584
FBgn0011272	2L	9968645	9967313
FBgn0036661	3L	16782419	16780100
FBgn0286786	2L	9700459	9699791
FBgn0027567	3L	9870674	9864639
FBgn0040239	3L	5566765	5565231
FBgn0261597	2L	18443277	18441335
FBgn0087040	3L	9683370	9681268
FBgn0014163	3L	16411828	16402796
FBgn0002780	3R	32054974	32052060
FBgn0013325	2R	19443825	19442342
FBgn0261987	3R	17722955	17719454
FBgn0285949	2R	9587989	9587193
FBgn0011638	2L	20350012	20348393
FBgn0004867	2L	9897552	9896265
FBgn0000427	X	7873222	7867161
FBgn0024177	3L	6606032	6604366
FBgn0038149	3R	13401862	13398526
FBgn0010333	3L	1302683	1300879
FBgn0023167	2R	12170003	12168731
FBgn0025637	X	657899	656114
FBgn0037822	3R	10698976	10696647
FBgn0011661	X	8898332	8873012
FBgn0011217	3R	14741319	14732414
FBgn0261618	3R	28336440	28318162
FBgn0030932	X	18512521	18505883
FBgn0028479	2L	9576769	9573563
FBgn0027620	3R	31799799	31793981
FBgn0002962	3R	19160202	19157238
FBgn0261602	3L	2588883	2587456
FBgn0010412	X	16639249	16637894
FBgn0028473	2R	9398734	9396265
FBgn0015521	2L	2857029	2856070
FBgn0033374	2R	9094658	9092506
FBgn0034914	2R	23847024	23845001
FBgn0010100	2L	21173185	21168570
FBgn0025390	X	1668788	1523554
FBgn0033081	2R	6656594	6655463
FBgn0003015	3R	8938395	8935126
FBgn0030208	X	10481943	10478838
FBgn0263231	3R	8660761	8654975
FBgn0040529	3R	8341043	8339944
FBgn0033886	2R	13960404	13958545
FBgn0020653	X	8248033	8242528
FBgn0019644	3L	9731224	9729999
FBgn0000056	2L	14618902	14615552
FBgn0011455	3L	12138584	12137496
FBgn0026372	3L	1668654	1666288
FBgn0015218	3L	9402460	9399618
FBgn0264848	3L	12505821	12504292
FBgn0000283	3R	15275241	15270432
FBgn0039565	3R	27959245	27957356
FBgn0038925	3R	22027480	22025975
FBgn0015756	2L	11004189	11002758
FBgn0001942	2L	5985909	5981764
FBgn0284243	2R	19451600	19447319
FBgn0004795	2R	23654820	23632610
FBgn0015625	3R	24870816	24867934
FBgn0015222	3R	30388178	30385573
FBgn0086472	3R	11216287	11215028
FBgn0014026	X	6533348	6530897
FBgn0017579	3L	8602392	8601006
FBgn0004106	2L	10386262	10384739
FBgn0032400	2L	12046118	12045343
FBgn0028734	3R	10110121	10101420
FBgn0015509	2R	7921579	7916856
FBgn0261396	2L	19053681	19051790
FBgn0051694	2L	2874489	2868627
FBgn0032876	2L	20681846	20678921
FBgn0027619	2R	9970897	9968929
FBgn0265178	2R	16199555	16197042
FBgn0004103	3R	12425917	12423621
FBgn0035423	3L	3224650	3223341
FBgn0038515	3R	17534587	17532325
FBgn0263006	2R	23935884	23925077
FBgn0039994	2R	4758048	4744348
FBgn0000392	2L	6674780	6663664
FBgn0023212	3R	20579850	20578222
FBgn0003983	2L	13411631	13411141
FBgn0012036	2L	9391567	9387389
FBgn0015283	3L	21538582	21537000
FBgn0028327	X	9553750	9551140
FBgn0020910	3R	11225173	11221894
FBgn0036998	3L	20474791	20473783
FBgn0005649	3R	24048265	24043056
FBgn0032138	2L	9711271	9708921
FBgn0000405	2R	22806948	22803521
FBgn0037468	3R	7077981	7074859
FBgn0010411	2R	20264848	20263979
FBgn0034968	2R	24061860	24060378
FBgn0015622	3R	29319644	29315254
FBgn0004432	X	16320370	16317673
FBgn0025352	2R	23868603	23866648
FBgn0033624	2R	11359176	11357902
FBgn0035827	3L	7937258	7936373
FBgn0031947	2L	7786061	7782865
FBgn0005593	2L	10202321	10201004
FBgn0086912	2L	273715	271912
FBgn0031435	2L	2579179	2577687
FBgn0039210	3R	24585160	24583067
FBgn0033264	2R	8125058	8123036
FBgn0003279	3R	27924888	27922821
FBgn0021765	X	18092853	18091259
FBgn0016685	3R	30010352	30004785
FBgn0001098	3R	23943101	23935958
FBgn0011586	X	8906248	8904144
FBgn0266459	2L	16048757	16042047
FBgn0034577	2R	21059883	21057787
FBgn0264294	2R	7535936	7533506
FBgn0000615	2R	20671083	20667427
FBgn0033548	2R	10810936	10810556
FBgn0035640	3L	5813093	5812135
FBgn0035766	3L	7339340	7335442
FBgn0035121	3L	264380	259043
FBgn0002413	3R	31061210	31054085
FBgn0013763	2R	16693751	16691022
FBgn0026252	3L	8121579	8116179
FBgn0033209	2R	7675362	7674450
FBgn0014391	X	15849258	15847859
FBgn0033912	2R	14216627	14215096
FBgn0029629	X	2610336	2609247
FBgn0031066	X	19744335	19740537
FBgn0033663	2R	11890979	11887568
FBgn0017545	4	67207	65225
FBgn0003964	X	2042311	2038798
FBgn0015024	X	12657834	12653626
FBgn0053095	3R	25102146	25097672
FBgn0259139	3R	11819339	11815206
FBgn0026777	4	310822	308093
FBgn0014028	2R	6809172	6807626
FBgn0037899	3R	11431582	11430740
FBgn0034258	2R	17669275	17665678
FBgn0015789	X	20254691	20251338
FBgn0037843	3R	10856412	10854501
FBgn0030054	X	8606304	8602137
FBgn0028687	2R	7653954	7652440
FBgn0003517	X	1483413	1481797
FBgn0286818	3L	15142840	15137738
FBgn0032105	2L	9253118	9251472
FBgn0001220	2R	14256192	14252598
FBgn0261278	2L	16699926	16680054
FBgn0011761	X	5313125	5312171
FBgn0264605	3L	16711677	16676406
FBgn0019936	3R	20823356	20822181
FBgn0011284	3L	13044234	13041756
FBgn0087013	3R	4654624	4649176
FBgn0032242	2L	10413463	10410537
FBgn0015282	3R	23931558	23929873
FBgn0086265	2L	5964951	5963087
FBgn0086904	2R	12760999	12759693
FBgn0267910	X	3546110	3545750
FBgn0032444	2L	12692934	12690336
FBgn0035936	3L	8932065	8912499
FBgn0010741	3L	11074388	11073292
FBgn0038549	3R	17805249	17803225
FBgn0260855	X	808200	806076
FBgn0030136	X	9555661	9554623
FBgn0026415	X	9930948	9927973
FBgn0002783	3R	15972913	15968134
FBgn0014020	2R	16107229	16102687
FBgn0014877	2R	13555606	13554077
FBgn0028695	3L	19918160	19915051
FBgn0039929	4	1031757	1029711
FBgn0000042	X	5905399	5900861
FBgn0029094	3L	19620398	19618894
FBgn0013749	4	1125325	1124167
FBgn0024364	X	1356473	1354014
FBgn0001120	3L	14803360	14802380
FBgn0004045	X	10055498	10053811
FBgn0038277	3R	14901563	14900432
FBgn0039559	3R	27937853	27932982
FBgn0010774	3R	7080387	7077904
FBgn0031776	2L	6069838	6069079
FBgn0010602	2L	542580	540599
FBgn0005655	2R	20262883	20261754
FBgn0005777	3R	9751094	9747875
FBgn0027335	X	18647648	18635642
FBgn0000358	3L	8730604	8729865
FBgn0085339	2L	6674780	6663664
FBgn0086355	3R	30134599	30132981
FBgn0286213	3L	13024762	13023352
FBgn0283521	2R	10543291	10481894
FBgn0035955	3L	9009838	9008624
FBgn0033062	2R	6085625	6080828
FBgn0003941	2L	4228561	4227699
FBgn0287210	X	15857823	15854857
FBgn0033631	2R	11384114	11380347
FBgn0035499	3L	4122388	4114289
FBgn0036257	3L	12143380	12138868
FBgn0026409	3L	14540441	14537651
FBgn0015321	3L	9700481	9698336
FBgn0003943	3L	3903184	3899259
FBgn0023515	X	1865835	1862009
FBgn0032961	2L	21761000	21758010
FBgn0027512	3R	23694983	23689007
FBgn0037555	3R	8240515	8236632
FBgn0028690	3R	5791569	5789493
FBgn0039972	2L	22368796	22308755
FBgn0262732	3L	16576871	16574436
FBgn0266521	2L	6124653	6100377
FBgn0004649	X	14199958	14193214
FBgn0015391	2L	16738388	16733617
FBgn0263750	3R	9359189	9355495
FBgn0028697	3L	27268445	27267255
FBgn0005694	3L	21438639	21433422
FBgn0036030	3L	9696700	9683579
FBgn0010173	3R	8264451	8262120
FBgn0000150	3R	31746077	31745172
FBgn0038043	3R	12423606	12422768
FBgn0028965	2L	13021312	13019575
FBgn0003023	X	8489535	8485008
FBgn0004889	3R	10139772	10126129
FBgn0029134	2R	10821178	10819978
FBgn0034654	2R	21686201	21685283
FBgn0283468	3R	21127485	21119252
FBgn0029873	X	6526342	6524464
FBgn0052774	X	4246139	4244095
FBgn0030703	X	15890109	15887567
FBgn0039302	3R	25258672	25249348
FBgn0030321	X	11615128	11611927
FBgn0037912	3R	11567054	11559896
FBgn0032404	2L	12058251	12056326
FBgn0064225	2L	22536884	22532279
FBgn0030067	X	8903761	8901699
FBgn0025582	3L	16786941	16785242
FBgn0000416	3R	30889062	30883464
FBgn0261608	2L	5072055	5070957
FBgn0011204	3L	1517271	1503226
FBgn0015019	3R	16649978	16647605
FBgn0035357	3L	2641984	2631715
FBgn0032949	2L	21577103	21573389
FBgn0265297	2R	18147191	18140078
FBgn0027360	2R	21691139	21690215
FBgn0035918	3L	8634069	8631509
FBgn0020496	3R	13026275	13011649
FBgn0051992	4	660608	649041
FBgn0036007	3L	9505328	9494555
FBgn0035473	3L	3909931	3907852
FBgn0038271	3R	14892387	14890231
FBgn0004868	2L	9494876	9491176
FBgn0004047	X	13761547	13759546
FBgn0035624	3L	5608300	5607162
FBgn0029092	2R	9444937	9434669
FBgn0262026	2R	16199378	16197042
FBgn0010339	2R	12038851	12037298
FBgn0001225	3L	9377427	9376418
FBgn0261592	X	7901331	7899624
FBgn0032509	2L	13367410	13366447
FBgn0022959	3L	12125150	12121274
FBgn0014133	X	11694740	11678970
FBgn0086694	3L	5794192	5789831
FBgn0004921	2R	8904791	8901404
FBgn0285937	3R	21269060	21266029
FBgn0026380	3R	9006226	9005313
FBgn0037580	3R	8347465	8344400
FBgn0003275	3R	5372397	5371795
FBgn0026084	X	4110981	4106113
FBgn0020306	2R	21341847	21323430
FBgn0031992	2L	8162452	8161796
FBgn0262559	3R	18228718	18226396
FBgn0035603	3L	5368008	5367341
FBgn0022349	3R	31751894	31747643
FBgn0000259	X	11801587	11792533
FBgn0000360	X	8483311	8481837
FBgn0034403	2R	18853043	18851907
FBgn0020255	X	11148716	11144852
FBgn0034237	2R	17539142	17536213
FBgn0037728	3R	9679658	9677927
FBgn0000253	2R	12278809	12259398
FBgn0264493	3R	14032057	13967061
FBgn0011704	2R	11985393	11983145
FBgn0004838	2L	6932057	6920704
FBgn0036111	3L	10899123	10894776
FBgn0037051	3L	21136353	21133250
FBgn0003942	2L	10410456	10408352
FBgn0030719	X	15991974	15987008
FBgn0002622	3R	23360207	23358812
FBgn0032833	2L	19960065	19958713
FBgn0030753	X	16445367	16441433
FBgn0039544	3R	27710857	27707100
FBgn0058045	3L	24035859	24028515
FBgn0000541	3L	246912	233926
FBgn0039163	3R	24188896	24187724
FBgn0001215	3R	28605777	28599834
